timeStamp,elapsed,label,responseCode,responseMessage,threadName,dataType,success,failureMessage,bytes,sentBytes,grpThreads,allThreads,Latency,IdleTime,Connect
1537249171439,9,SignIn,200,,CrazyComment 1-1,text,true,,235,489,1,1,9,0,0
1537249171449,9,AddComment,200,,CrazyComment 1-1,text,true,,160,569,2,2,9,0,0
1537249171456,2,SignIn,200,,CrazyComment 1-2,text,true,,235,489,2,2,2,0,0
1537249171460,7,AddComment,200,,CrazyComment 1-1,text,true,,160,569,2,2,7,0,0
1537249171460,10,AddComment,200,,CrazyComment 1-2,text,true,,160,569,2,2,10,0,0
1537249171472,3,SignIn,200,,CrazyComment 1-3,text,true,,235,489,3,3,3,0,1
1537249171469,6,AddComment,200,,CrazyComment 1-1,text,true,,160,569,3,3,6,0,0
1537249171470,8,AddComment,200,,CrazyComment 1-2,text,true,,160,569,2,2,8,0,0
1537249171475,6,AddComment,200,,CrazyComment 1-3,text,true,,160,569,2,2,6,0,0
1537249171478,5,AddComment,200,,CrazyComment 1-2,text,true,,160,569,2,2,5,0,0
1537249171481,6,AddComment,200,,CrazyComment 1-3,text,true,,160,569,1,1,6,0,0
1537249171488,5,AddComment,200,,CrazyComment 1-3,text,true,,160,569,2,2,5,0,0
1537249171490,3,SignIn,200,,CrazyComment 1-4,text,true,,235,489,2,2,3,0,1
1537249171493,5,AddComment,200,,CrazyComment 1-4,text,true,,160,569,1,1,5,0,0
1537249171498,5,AddComment,200,,CrazyComment 1-4,text,true,,160,569,1,1,5,0,0
1537249171503,5,AddComment,200,,CrazyComment 1-4,text,true,,160,569,2,2,5,0,0
1537249171507,3,SignIn,200,,CrazyComment 1-5,text,true,,235,489,1,1,3,0,1
1537249171510,2,AddComment,200,,CrazyComment 1-5,text,true,,160,569,1,1,2,0,0
1537249171512,3,AddComment,200,,CrazyComment 1-5,text,true,,160,569,1,1,3,0,0
1537249171516,3,AddComment,200,,CrazyComment 1-5,text,true,,160,569,1,1,3,0,0
1537249171525,4,SignIn,200,,CrazyComment 1-6,text,true,,235,489,1,1,4,0,1
1537249171530,10,AddComment,200,,CrazyComment 1-6,text,true,,160,569,1,1,10,0,0
1537249171542,4,SignIn,200,,CrazyComment 1-7,text,true,,235,489,2,2,4,0,1
1537249171560,6,SignIn,200,,CrazyComment 1-8,text,true,,235,489,3,3,6,0,1
1537249171576,3,SignIn,200,,CrazyComment 1-9,text,true,,235,489,4,4,3,0,1
1537249171548,34,AddComment,200,,CrazyComment 1-6,text,true,,160,569,4,4,34,0,0
1537249171548,42,AddComment,200,,CrazyComment 1-7,text,true,,160,569,4,4,42,0,0
1537249171567,25,AddComment,200,,CrazyComment 1-8,text,true,,160,569,4,4,25,0,0
1537249171579,15,AddComment,200,,CrazyComment 1-9,text,true,,160,569,4,4,15,0,0
1537249171594,3,SignIn,200,,CrazyComment 1-10,text,true,,235,490,5,5,3,0,1
1537249171583,15,AddComment,200,,CrazyComment 1-6,text,true,,160,569,5,5,15,0,0
1537249171592,9,AddComment,200,,CrazyComment 1-8,text,true,,160,569,4,4,9,0,0
1537249171590,13,AddComment,200,,CrazyComment 1-7,text,true,,160,569,4,4,13,0,0
1537249171594,13,AddComment,200,,CrazyComment 1-9,text,true,,160,569,4,4,13,0,0
1537249171597,14,AddComment,200,,CrazyComment 1-10,text,true,,160,569,5,5,14,0,0
1537249171602,11,AddComment,200,,CrazyComment 1-8,text,true,,160,569,5,5,11,0,0
1537249171610,3,SignIn,200,,CrazyComment 1-11,text,true,,235,490,5,5,3,0,1
1537249171604,11,AddComment,200,,CrazyComment 1-7,text,true,,160,569,4,4,11,0,0
1537249171607,9,AddComment,200,,CrazyComment 1-9,text,true,,160,569,3,3,9,0,0
1537249171612,7,AddComment,200,,CrazyComment 1-10,text,true,,160,569,2,2,7,0,0
1537249171613,8,AddComment,200,,CrazyComment 1-11,text,true,,160,569,2,2,8,0,0
1537249171619,3,AddComment,200,,CrazyComment 1-10,text,true,,160,569,2,2,3,0,0
1537249171621,3,AddComment,200,,CrazyComment 1-11,text,true,,160,569,1,1,3,0,0
1537249171624,2,AddComment,200,,CrazyComment 1-11,text,true,,160,569,1,1,2,0,0
1537249171627,2,SignIn,200,,CrazyComment 1-12,text,true,,235,490,1,1,2,0,1
1537249171629,2,AddComment,200,,CrazyComment 1-12,text,true,,160,569,1,1,2,0,0
1537249171631,3,AddComment,200,,CrazyComment 1-12,text,true,,160,569,1,1,3,0,0
1537249171634,3,AddComment,200,,CrazyComment 1-12,text,true,,160,569,1,1,3,0,0
1537249171645,2,SignIn,200,,CrazyComment 1-13,text,true,,235,490,1,1,2,0,1
1537249171647,4,AddComment,200,,CrazyComment 1-13,text,true,,160,569,1,1,4,0,0
1537249171652,2,AddComment,200,,CrazyComment 1-13,text,true,,160,569,1,1,2,0,0
1537249171654,2,AddComment,200,,CrazyComment 1-13,text,true,,160,569,1,1,2,0,0
1537249171661,2,SignIn,200,,CrazyComment 1-14,text,true,,235,490,1,1,2,0,0
1537249171663,4,AddComment,200,,CrazyComment 1-14,text,true,,160,569,1,1,4,0,0
1537249171667,2,AddComment,200,,CrazyComment 1-14,text,true,,160,569,1,1,2,0,0
1537249171670,2,AddComment,200,,CrazyComment 1-14,text,true,,160,569,1,1,2,0,0
1537249171678,2,SignIn,200,,CrazyComment 1-15,text,true,,235,490,1,1,2,0,0
1537249171680,4,AddComment,200,,CrazyComment 1-15,text,true,,160,569,1,1,4,0,0
1537249171684,2,AddComment,200,,CrazyComment 1-15,text,true,,160,569,1,1,2,0,0
1537249171687,2,AddComment,200,,CrazyComment 1-15,text,true,,160,569,1,1,2,0,0
1537249171694,1,SignIn,200,,CrazyComment 1-16,text,true,,235,490,1,1,1,0,0
1537249171695,4,AddComment,200,,CrazyComment 1-16,text,true,,160,569,1,1,4,0,0
1537249171699,3,AddComment,200,,CrazyComment 1-16,text,true,,160,569,1,1,3,0,0
1537249171702,2,AddComment,200,,CrazyComment 1-16,text,true,,160,569,1,1,2,0,0
1537249171712,1,SignIn,200,,CrazyComment 1-17,text,true,,235,490,1,1,1,0,0
1537249171714,4,AddComment,200,,CrazyComment 1-17,text,true,,160,569,1,1,4,0,0
1537249171718,2,AddComment,200,,CrazyComment 1-17,text,true,,160,569,1,1,2,0,0
1537249171720,2,AddComment,200,,CrazyComment 1-17,text,true,,160,569,1,1,2,0,0
1537249171730,1,SignIn,200,,CrazyComment 1-18,text,true,,235,490,1,1,1,0,0
1537249171731,5,AddComment,200,,CrazyComment 1-18,text,true,,160,569,1,1,5,0,0
1537249171736,2,AddComment,200,,CrazyComment 1-18,text,true,,160,569,1,1,2,0,0
1537249171738,2,AddComment,200,,CrazyComment 1-18,text,true,,160,569,1,1,2,0,0
1537249171746,2,SignIn,200,,CrazyComment 1-19,text,true,,235,490,1,1,2,0,1
1537249171748,4,AddComment,200,,CrazyComment 1-19,text,true,,160,569,1,1,4,0,0
1537249171753,2,AddComment,200,,CrazyComment 1-19,text,true,,160,569,1,1,2,0,0
1537249171755,2,AddComment,200,,CrazyComment 1-19,text,true,,160,569,1,1,2,0,0
1537249171763,2,SignIn,200,,CrazyComment 1-20,text,true,,235,490,1,1,2,0,0
1537249171765,4,AddComment,200,,CrazyComment 1-20,text,true,,160,569,1,1,4,0,0
1537249171769,3,AddComment,200,,CrazyComment 1-20,text,true,,160,569,1,1,3,0,0
1537249171772,2,AddComment,200,,CrazyComment 1-20,text,true,,160,569,1,1,2,0,0
1537249171779,2,SignIn,200,,CrazyComment 1-21,text,true,,235,490,1,1,2,0,1
1537249171781,5,AddComment,200,,CrazyComment 1-21,text,true,,160,569,1,1,5,0,0
1537249171786,4,AddComment,200,,CrazyComment 1-21,text,true,,160,569,1,1,4,0,0
1537249171790,2,AddComment,200,,CrazyComment 1-21,text,true,,160,569,1,1,2,0,0
1537249171797,3,SignIn,200,,CrazyComment 1-22,text,true,,235,490,1,1,3,0,1
1537249171800,4,AddComment,200,,CrazyComment 1-22,text,true,,160,569,1,1,4,0,0
1537249171804,2,AddComment,200,,CrazyComment 1-22,text,true,,160,569,1,1,2,0,0
1537249171806,2,AddComment,200,,CrazyComment 1-22,text,true,,160,569,1,1,2,0,0
1537249171813,2,SignIn,200,,CrazyComment 1-23,text,true,,235,490,1,1,2,0,1
1537249171815,5,AddComment,200,,CrazyComment 1-23,text,true,,160,569,1,1,5,0,0
1537249171820,2,AddComment,200,,CrazyComment 1-23,text,true,,160,569,1,1,2,0,0
1537249171823,1,AddComment,200,,CrazyComment 1-23,text,true,,160,569,1,1,1,0,0
1537249171831,3,SignIn,200,,CrazyComment 1-24,text,true,,235,490,1,1,3,0,1
1537249171834,4,AddComment,200,,CrazyComment 1-24,text,true,,160,569,1,1,4,0,0
1537249171838,2,AddComment,200,,CrazyComment 1-24,text,true,,160,569,1,1,2,0,0
1537249171840,2,AddComment,200,,CrazyComment 1-24,text,true,,160,569,1,1,2,0,0
1537249171849,3,SignIn,200,,CrazyComment 1-25,text,true,,235,490,1,1,3,0,1
1537249171852,4,AddComment,200,,CrazyComment 1-25,text,true,,160,569,1,1,4,0,0
1537249171856,2,AddComment,200,,CrazyComment 1-25,text,true,,160,569,1,1,2,0,0
1537249171858,3,AddComment,200,,CrazyComment 1-25,text,true,,160,569,2,2,3,0,0
1537249171859,2,SignIn,200,,CrazyComment 1-26,text,true,,235,490,2,2,2,0,1
1537249171861,3,AddComment,200,,CrazyComment 1-26,text,true,,160,569,1,1,3,0,0
1537249171864,2,AddComment,200,,CrazyComment 1-26,text,true,,160,569,1,1,2,0,0
1537249171866,2,AddComment,200,,CrazyComment 1-26,text,true,,160,569,1,1,2,0,0
1537249171877,2,SignIn,200,,CrazyComment 1-27,text,true,,235,490,1,1,2,0,1
1537249171879,4,AddComment,200,,CrazyComment 1-27,text,true,,160,569,1,1,4,0,0
1537249171884,2,AddComment,200,,CrazyComment 1-27,text,true,,160,569,1,1,2,0,0
1537249171886,1,AddComment,200,,CrazyComment 1-27,text,true,,160,569,1,1,1,0,0
1537249171900,2,SignIn,200,,CrazyComment 1-28,text,true,,235,490,1,1,2,0,1
1537249171902,4,AddComment,200,,CrazyComment 1-28,text,true,,160,569,1,1,4,0,0
1537249171906,2,AddComment,200,,CrazyComment 1-28,text,true,,160,569,1,1,2,0,0
1537249171908,2,AddComment,200,,CrazyComment 1-28,text,true,,160,569,1,1,2,0,0
1537249171917,2,SignIn,200,,CrazyComment 1-29,text,true,,235,490,1,1,2,0,1
1537249171919,4,AddComment,200,,CrazyComment 1-29,text,true,,160,569,1,1,4,0,0
1537249171923,2,AddComment,200,,CrazyComment 1-29,text,true,,160,569,1,1,2,0,0
1537249171925,2,AddComment,200,,CrazyComment 1-29,text,true,,160,569,1,1,2,0,0
1537249171932,3,SignIn,200,,CrazyComment 1-30,text,true,,235,490,1,1,2,0,1
1537249171935,4,AddComment,200,,CrazyComment 1-30,text,true,,160,569,1,1,4,0,0
1537249171939,2,AddComment,200,,CrazyComment 1-30,text,true,,160,569,1,1,2,0,0
1537249171942,2,AddComment,200,,CrazyComment 1-30,text,true,,160,569,1,1,2,0,0
1537249171951,2,SignIn,200,,CrazyComment 1-31,text,true,,235,490,1,1,2,0,1
1537249171954,4,AddComment,200,,CrazyComment 1-31,text,true,,160,569,1,1,4,0,0
1537249171958,2,AddComment,200,,CrazyComment 1-31,text,true,,160,569,1,1,2,0,0
1537249171961,2,AddComment,200,,CrazyComment 1-31,text,true,,160,569,1,1,2,0,0
1537249171965,3,SignIn,200,,CrazyComment 1-32,text,true,,235,490,1,1,3,0,1
1537249171968,3,AddComment,200,,CrazyComment 1-32,text,true,,160,569,1,1,3,0,0
1537249171971,3,AddComment,200,,CrazyComment 1-32,text,true,,160,569,1,1,3,0,0
1537249171974,2,AddComment,200,,CrazyComment 1-32,text,true,,160,569,1,1,2,0,0
1537249171982,2,SignIn,200,,CrazyComment 1-33,text,true,,235,490,1,1,2,0,1
1537249171984,5,AddComment,200,,CrazyComment 1-33,text,true,,160,569,1,1,5,0,0
1537249171989,2,AddComment,200,,CrazyComment 1-33,text,true,,160,569,1,1,2,0,0
1537249171991,3,AddComment,200,,CrazyComment 1-33,text,true,,160,569,1,1,3,0,0
1537249172002,2,SignIn,200,,CrazyComment 1-34,text,true,,235,490,1,1,2,0,0
1537249172004,5,AddComment,200,,CrazyComment 1-34,text,true,,160,569,1,1,5,0,0
1537249172009,2,AddComment,200,,CrazyComment 1-34,text,true,,160,569,1,1,2,0,0
1537249172011,3,AddComment,200,,CrazyComment 1-34,text,true,,160,569,1,1,3,0,0
1537249172015,3,SignIn,200,,CrazyComment 1-35,text,true,,235,490,1,1,3,0,1
1537249172018,2,AddComment,200,,CrazyComment 1-35,text,true,,160,569,1,1,2,0,0
1537249172020,2,AddComment,200,,CrazyComment 1-35,text,true,,160,569,1,1,2,0,0
1537249172023,2,AddComment,200,,CrazyComment 1-35,text,true,,160,569,1,1,2,0,0
1537249172032,3,SignIn,200,,CrazyComment 1-36,text,true,,235,490,1,1,3,0,0
1537249172040,4,AddComment,200,,CrazyComment 1-36,text,true,,160,569,1,1,4,0,0
1537249172045,3,AddComment,200,,CrazyComment 1-36,text,true,,160,569,1,1,3,0,0
1537249172049,7,SignIn,200,,CrazyComment 1-37,text,true,,235,490,2,2,7,0,0
1537249172048,17,AddComment,200,,CrazyComment 1-36,text,true,,160,569,2,2,17,0,0
1537249172068,3,SignIn,200,,CrazyComment 1-38,text,true,,235,490,2,2,3,0,1
1537249172057,16,AddComment,200,,CrazyComment 1-37,text,true,,160,569,2,2,16,0,0
1537249172071,6,AddComment,200,,CrazyComment 1-38,text,true,,160,569,2,2,6,0,0
1537249172074,7,AddComment,200,,CrazyComment 1-37,text,true,,160,569,2,2,7,0,0
1537249172085,4,SignIn,200,,CrazyComment 1-39,text,true,,235,490,3,3,4,0,2
1537249172077,17,AddComment,200,,CrazyComment 1-38,text,true,,160,569,3,3,17,0,0
1537249172081,16,AddComment,200,,CrazyComment 1-37,text,true,,160,569,3,3,16,0,0
1537249172102,3,SignIn,200,,CrazyComment 1-40,text,true,,235,490,3,3,3,0,1
1537249172089,21,AddComment,200,,CrazyComment 1-39,text,true,,160,569,3,3,21,0,0
1537249172094,20,AddComment,200,,CrazyComment 1-38,text,true,,160,569,3,3,20,0,0
1537249172118,4,SignIn,200,,CrazyComment 1-41,text,true,,235,490,3,3,4,0,1
1537249172105,20,AddComment,200,,CrazyComment 1-40,text,true,,160,569,3,3,20,0,0
1537249172110,19,AddComment,200,,CrazyComment 1-39,text,true,,160,569,3,3,19,0,0
1537249172126,6,AddComment,200,,CrazyComment 1-40,text,true,,160,569,3,3,6,0,0
1537249172135,3,SignIn,200,,CrazyComment 1-42,text,true,,235,490,4,4,3,0,1
1537249172129,14,AddComment,200,,CrazyComment 1-39,text,true,,160,569,4,4,14,0,0
1537249172132,14,AddComment,200,,CrazyComment 1-40,text,true,,160,569,3,3,14,0,0
1537249172139,10,AddComment,200,,CrazyComment 1-42,text,true,,160,569,2,2,10,0,0
1537249172151,4,SignIn,200,,CrazyComment 1-43,text,true,,235,490,3,3,4,0,1
1537249172122,39,AddComment,200,,CrazyComment 1-41,text,true,,160,569,3,3,39,0,0
1537249172149,15,AddComment,200,,CrazyComment 1-42,text,true,,160,569,3,3,15,0,0
1537249172168,3,SignIn,200,,CrazyComment 1-44,text,true,,235,490,4,4,3,0,1
1537249172155,18,AddComment,200,,CrazyComment 1-43,text,true,,160,569,4,4,18,0,0
1537249172161,16,AddComment,200,,CrazyComment 1-41,text,true,,160,569,4,4,15,0,0
1537249172165,15,AddComment,200,,CrazyComment 1-42,text,true,,160,569,4,4,14,0,0
1537249172171,12,AddComment,200,,CrazyComment 1-44,text,true,,160,569,3,3,12,0,0
1537249172185,4,SignIn,200,,CrazyComment 1-45,text,true,,235,490,4,4,4,0,1
1537249172173,19,AddComment,200,,CrazyComment 1-43,text,true,,160,569,4,4,19,0,0
1537249172177,18,AddComment,200,,CrazyComment 1-41,text,true,,160,569,4,4,18,0,0
1537249172183,15,AddComment,200,,CrazyComment 1-44,text,true,,160,569,3,3,15,0,0
1537249172189,13,AddComment,200,,CrazyComment 1-45,text,true,,160,569,3,3,13,0,0
1537249172203,38,SignIn,200,,CrazyComment 1-46,text,true,,235,490,6,6,38,0,1
1537249172219,22,SignIn,200,,CrazyComment 1-47,text,true,,235,490,6,6,22,0,1
1537249172236,7,SignIn,200,,CrazyComment 1-48,text,true,,235,490,6,6,7,0,1
1537249172192,55,AddComment,200,,CrazyComment 1-43,text,true,,160,569,6,6,55,0,0
1537249172202,47,AddComment,200,,CrazyComment 1-45,text,true,,160,569,5,5,47,0,0
1537249172241,10,AddComment,200,,CrazyComment 1-46,text,true,,160,569,5,5,10,0,0
1537249172242,13,AddComment,200,,CrazyComment 1-47,text,true,,160,569,6,6,13,0,0
1537249172249,7,AddComment,200,,CrazyComment 1-45,text,true,,160,569,6,6,7,0,0
1537249172253,3,SignIn,200,,CrazyComment 1-49,text,true,,235,490,6,6,3,0,1
1537249172243,15,AddComment,200,,CrazyComment 1-48,text,true,,160,569,5,5,15,0,0
1537249172255,5,AddComment,200,,CrazyComment 1-47,text,true,,160,569,5,5,5,0,0
1537249172252,9,AddComment,200,,CrazyComment 1-46,text,true,,160,569,5,5,9,0,0
1537249172256,6,AddComment,200,,CrazyComment 1-49,text,true,,160,569,5,5,6,0,0
1537249172258,5,AddComment,200,,CrazyComment 1-48,text,true,,160,569,5,5,5,0,0
1537249172260,4,AddComment,200,,CrazyComment 1-47,text,true,,160,569,5,5,4,0,0
1537249172261,5,AddComment,200,,CrazyComment 1-46,text,true,,160,569,4,4,5,0,0
1537249172262,6,AddComment,200,,CrazyComment 1-49,text,true,,160,569,3,3,6,0,0
1537249172263,6,AddComment,200,,CrazyComment 1-48,text,true,,160,569,3,3,6,0,0
1537249172198,72,AddComment,200,,CrazyComment 1-44,text,true,,160,569,3,3,72,0,0
1537249172268,3,AddComment,200,,CrazyComment 1-49,text,true,,160,569,2,2,3,0,0
1537249172269,3,SignIn,200,,CrazyComment 1-50,text,true,,235,490,1,1,3,0,1
1537249172273,2,AddComment,200,,CrazyComment 1-50,text,true,,160,569,1,1,2,0,0
1537249172275,2,AddComment,200,,CrazyComment 1-50,text,true,,160,569,1,1,2,0,0
1537249172277,2,AddComment,200,,CrazyComment 1-50,text,true,,160,569,1,1,2,0,0
1537249172283,2,SignIn,200,,CrazyComment 1-51,text,true,,235,490,1,1,2,0,1
1537249172286,2,AddComment,200,,CrazyComment 1-51,text,true,,160,569,1,1,2,0,0
1537249172288,2,AddComment,200,,CrazyComment 1-51,text,true,,160,569,1,1,2,0,0
1537249172290,2,AddComment,200,,CrazyComment 1-51,text,true,,160,569,1,1,2,0,0
1537249172300,6,SignIn,200,,CrazyComment 1-52,text,true,,235,490,1,1,6,0,2
1537249172308,6,AddComment,200,,CrazyComment 1-52,text,true,,160,569,1,1,6,0,0
1537249172314,3,AddComment,200,,CrazyComment 1-52,text,true,,160,569,1,1,3,0,0
1537249172317,4,AddComment,200,,CrazyComment 1-52,text,true,,160,569,2,2,4,0,0
1537249172319,3,SignIn,200,,CrazyComment 1-53,text,true,,235,490,1,1,3,0,1
1537249172323,2,AddComment,200,,CrazyComment 1-53,text,true,,160,569,1,1,2,0,0
1537249172326,2,AddComment,200,,CrazyComment 1-53,text,true,,160,569,1,1,2,0,0
1537249172328,3,AddComment,200,,CrazyComment 1-53,text,true,,160,569,1,1,3,0,0
1537249172333,3,SignIn,200,,CrazyComment 1-54,text,true,,235,490,1,1,3,0,1
1537249172336,3,AddComment,200,,CrazyComment 1-54,text,true,,160,569,1,1,3,0,0
1537249172339,3,AddComment,200,,CrazyComment 1-54,text,true,,160,569,1,1,3,0,0
1537249172342,3,AddComment,200,,CrazyComment 1-54,text,true,,160,569,1,1,3,0,0
1537249172349,3,SignIn,200,,CrazyComment 1-55,text,true,,235,490,1,1,3,0,1
1537249172352,5,AddComment,200,,CrazyComment 1-55,text,true,,160,569,1,1,5,0,0
1537249172357,3,AddComment,200,,CrazyComment 1-55,text,true,,160,569,1,1,3,0,0
1537249172360,4,AddComment,200,,CrazyComment 1-55,text,true,,160,569,1,1,4,0,0
1537249172367,3,SignIn,200,,CrazyComment 1-56,text,true,,235,490,1,1,3,0,1
1537249172371,3,AddComment,200,,CrazyComment 1-56,text,true,,160,569,1,1,3,0,0
1537249172374,3,AddComment,200,,CrazyComment 1-56,text,true,,160,569,1,1,3,0,0
1537249172378,3,AddComment,200,,CrazyComment 1-56,text,true,,160,569,1,1,3,0,0
1537249172386,3,SignIn,200,,CrazyComment 1-57,text,true,,235,490,1,1,3,0,1
1537249172389,6,AddComment,200,,CrazyComment 1-57,text,true,,160,569,1,1,6,0,0
1537249172395,4,AddComment,200,,CrazyComment 1-57,text,true,,160,569,1,1,4,0,0
1537249172399,6,AddComment,200,,CrazyComment 1-57,text,true,,160,569,2,2,6,0,0
1537249172402,6,SignIn,200,,CrazyComment 1-58,text,true,,235,490,1,1,6,0,1
1537249172408,5,AddComment,200,,CrazyComment 1-58,text,true,,160,569,1,1,5,0,0
1537249172413,3,AddComment,200,,CrazyComment 1-58,text,true,,160,569,1,1,3,0,0
1537249172416,7,AddComment,200,,CrazyComment 1-58,text,true,,160,569,2,2,7,0,0
1537249172420,3,SignIn,200,,CrazyComment 1-59,text,true,,235,490,2,2,3,0,1
1537249172423,5,AddComment,200,,CrazyComment 1-59,text,true,,160,569,1,1,5,0,0
1537249172428,3,AddComment,200,,CrazyComment 1-59,text,true,,160,569,1,1,3,0,0
1537249172431,3,AddComment,200,,CrazyComment 1-59,text,true,,160,569,1,1,3,0,0
1537249172437,2,SignIn,200,,CrazyComment 1-60,text,true,,235,490,1,1,2,0,0
1537249172439,2,AddComment,200,,CrazyComment 1-60,text,true,,160,569,1,1,2,0,0
1537249172441,2,AddComment,200,,CrazyComment 1-60,text,true,,160,569,1,1,2,0,0
1537249172444,1,AddComment,200,,CrazyComment 1-60,text,true,,160,569,1,1,1,0,0
1537249172453,2,SignIn,200,,CrazyComment 1-61,text,true,,235,490,1,1,2,0,0
1537249172455,4,AddComment,200,,CrazyComment 1-61,text,true,,160,569,1,1,4,0,0
1537249172459,2,AddComment,200,,CrazyComment 1-61,text,true,,160,569,1,1,2,0,0
1537249172461,2,AddComment,200,,CrazyComment 1-61,text,true,,160,569,1,1,2,0,0
1537249172470,1,SignIn,200,,CrazyComment 1-62,text,true,,235,490,1,1,1,0,0
1537249172472,4,AddComment,200,,CrazyComment 1-62,text,true,,160,569,1,1,4,0,0
1537249172476,1,AddComment,200,,CrazyComment 1-62,text,true,,160,569,1,1,1,0,0
1537249172478,4,AddComment,200,,CrazyComment 1-62,text,true,,160,569,1,1,4,0,0
1537249172488,1,SignIn,200,,CrazyComment 1-63,text,true,,235,490,1,1,1,0,0
1537249172490,3,AddComment,200,,CrazyComment 1-63,text,true,,160,569,1,1,3,0,0
1537249172494,2,AddComment,200,,CrazyComment 1-63,text,true,,160,569,1,1,2,0,0
1537249172496,2,AddComment,200,,CrazyComment 1-63,text,true,,160,569,1,1,2,0,0
1537249172504,1,SignIn,200,,CrazyComment 1-64,text,true,,235,490,1,1,1,0,0
1537249172506,4,AddComment,200,,CrazyComment 1-64,text,true,,160,569,1,1,4,0,0
1537249172510,2,AddComment,200,,CrazyComment 1-64,text,true,,160,569,1,1,2,0,0
1537249172512,2,AddComment,200,,CrazyComment 1-64,text,true,,160,569,1,1,2,0,0
1537249172520,2,SignIn,200,,CrazyComment 1-65,text,true,,235,490,1,1,2,0,0
1537249172522,4,AddComment,200,,CrazyComment 1-65,text,true,,160,569,1,1,4,0,0
1537249172526,3,AddComment,200,,CrazyComment 1-65,text,true,,160,569,1,1,3,0,0
1537249172529,2,AddComment,200,,CrazyComment 1-65,text,true,,160,569,1,1,2,0,0
1537249172537,2,SignIn,200,,CrazyComment 1-66,text,true,,235,490,1,1,2,0,1
1537249172540,4,AddComment,200,,CrazyComment 1-66,text,true,,160,569,1,1,4,0,0
1537249172544,2,AddComment,200,,CrazyComment 1-66,text,true,,160,569,1,1,2,0,0
1537249172546,4,AddComment,200,,CrazyComment 1-66,text,true,,160,569,1,1,4,0,0
1537249172555,10,SignIn,200,,CrazyComment 1-67,text,true,,235,490,1,1,10,0,1
1537249172565,4,AddComment,200,,CrazyComment 1-67,text,true,,160,569,1,1,4,0,0
1537249172569,3,AddComment,200,,CrazyComment 1-67,text,true,,160,569,2,2,3,0,0
1537249172570,2,SignIn,200,,CrazyComment 1-68,text,true,,235,490,2,2,2,0,1
1537249172573,2,AddComment,200,,CrazyComment 1-68,text,true,,160,569,2,2,2,0,0
1537249172572,4,AddComment,200,,CrazyComment 1-67,text,true,,160,569,2,2,4,0,0
1537249172575,2,AddComment,200,,CrazyComment 1-68,text,true,,160,569,1,1,2,0,0
1537249172577,3,AddComment,200,,CrazyComment 1-68,text,true,,160,569,1,1,3,0,0
1537249172587,2,SignIn,200,,CrazyComment 1-69,text,true,,235,490,1,1,2,0,1
1537249172589,4,AddComment,200,,CrazyComment 1-69,text,true,,160,569,1,1,4,0,0
1537249172593,2,AddComment,200,,CrazyComment 1-69,text,true,,160,569,1,1,2,0,0
1537249172596,1,AddComment,200,,CrazyComment 1-69,text,true,,160,569,1,1,1,0,0
1537249172606,6,SignIn,200,,CrazyComment 1-70,text,true,,235,490,1,1,6,0,2
1537249172612,9,AddComment,200,,CrazyComment 1-70,text,true,,160,569,1,1,9,0,0
1537249172622,7,SignIn,200,,CrazyComment 1-71,text,true,,235,490,2,2,7,0,3
1537249172621,10,AddComment,200,,CrazyComment 1-70,text,true,,160,569,2,2,10,0,0
1537249172630,7,AddComment,200,,CrazyComment 1-71,text,true,,160,569,2,2,7,0,0
1537249172631,9,AddComment,200,,CrazyComment 1-70,text,true,,160,569,2,2,9,0,0
1537249172638,8,AddComment,200,,CrazyComment 1-71,text,true,,160,569,2,2,8,0,0
1537249172641,8,SignIn,200,,CrazyComment 1-72,text,true,,235,490,2,2,8,0,3
1537249172647,10,AddComment,200,,CrazyComment 1-71,text,true,,160,569,2,2,10,0,0
1537249172650,10,AddComment,200,,CrazyComment 1-72,text,true,,160,569,2,2,10,0,0
1537249172659,6,SignIn,200,,CrazyComment 1-73,text,true,,235,490,2,2,6,0,2
1537249172661,8,AddComment,200,,CrazyComment 1-72,text,true,,160,569,2,2,8,0,0
1537249172666,9,AddComment,200,,CrazyComment 1-73,text,true,,160,569,3,3,9,0,0
1537249172670,13,AddComment,200,,CrazyComment 1-72,text,true,,160,569,3,3,13,0,0
1537249172674,9,SignIn,200,,CrazyComment 1-74,text,true,,235,490,3,3,9,0,3
1537249172676,12,AddComment,200,,CrazyComment 1-73,text,true,,160,569,2,2,12,0,0
1537249172684,6,AddComment,200,,CrazyComment 1-74,text,true,,160,569,3,3,6,0,0
1537249172689,5,AddComment,200,,CrazyComment 1-73,text,true,,160,569,3,3,5,0,0
1537249172690,5,SignIn,200,,CrazyComment 1-75,text,true,,235,490,3,3,5,0,2
1537249172691,7,AddComment,200,,CrazyComment 1-74,text,true,,160,569,2,2,7,0,0
1537249172696,4,AddComment,200,,CrazyComment 1-75,text,true,,160,569,2,2,4,0,0
1537249172698,5,AddComment,200,,CrazyComment 1-74,text,true,,160,569,2,2,5,0,0
1537249172700,4,AddComment,200,,CrazyComment 1-75,text,true,,160,569,1,1,4,0,0
1537249172704,3,AddComment,200,,CrazyComment 1-75,text,true,,160,569,2,2,3,0,0
1537249172707,3,SignIn,200,,CrazyComment 1-76,text,true,,235,490,1,1,3,0,1
1537249172710,2,AddComment,200,,CrazyComment 1-76,text,true,,160,569,1,1,2,0,0
1537249172713,2,AddComment,200,,CrazyComment 1-76,text,true,,160,569,1,1,2,0,0
1537249172715,2,AddComment,200,,CrazyComment 1-76,text,true,,160,569,1,1,2,0,0
1537249172723,2,SignIn,200,,CrazyComment 1-77,text,true,,235,490,1,1,2,0,1
1537249172725,4,AddComment,200,,CrazyComment 1-77,text,true,,160,569,1,1,4,0,0
1537249172730,2,AddComment,200,,CrazyComment 1-77,text,true,,160,569,1,1,2,0,0
1537249172732,2,AddComment,200,,CrazyComment 1-77,text,true,,160,569,1,1,2,0,0
1537249172741,6,SignIn,200,,CrazyComment 1-78,text,true,,235,490,1,1,6,0,2
1537249172748,10,AddComment,200,,CrazyComment 1-78,text,true,,160,569,2,2,10,0,0
1537249172758,7,SignIn,200,,CrazyComment 1-79,text,true,,235,490,2,2,7,0,2
1537249172758,11,AddComment,200,,CrazyComment 1-78,text,true,,160,569,2,2,11,0,0
1537249172765,11,AddComment,200,,CrazyComment 1-79,text,true,,160,569,3,3,11,0,0
1537249172770,10,AddComment,200,,CrazyComment 1-78,text,true,,160,569,3,3,10,0,0
1537249172774,8,SignIn,200,,CrazyComment 1-80,text,true,,235,490,2,2,8,0,2
1537249172777,13,AddComment,200,,CrazyComment 1-79,text,true,,160,569,2,2,13,0,0
1537249172783,13,AddComment,200,,CrazyComment 1-80,text,true,,160,569,3,3,13,0,0
1537249172791,7,SignIn,200,,CrazyComment 1-81,text,true,,235,490,3,3,7,0,2
1537249172790,10,AddComment,200,,CrazyComment 1-79,text,true,,160,569,3,3,10,0,0
1537249172797,11,AddComment,200,,CrazyComment 1-80,text,true,,160,569,3,3,11,0,0
1537249172808,6,SignIn,200,,CrazyComment 1-82,text,true,,235,490,3,3,6,0,2
1537249172799,18,AddComment,200,,CrazyComment 1-81,text,true,,160,569,3,3,18,0,0
1537249172809,13,AddComment,200,,CrazyComment 1-80,text,true,,160,569,3,3,13,0,0
1537249172817,9,AddComment,200,,CrazyComment 1-81,text,true,,160,569,3,3,9,0,0
1537249172823,5,SignIn,200,,CrazyComment 1-83,text,true,,235,490,3,3,5,0,1
1537249172815,15,AddComment,200,,CrazyComment 1-82,text,true,,160,569,3,3,15,0,0
1537249172827,5,AddComment,200,,CrazyComment 1-81,text,true,,160,569,3,3,5,0,0
1537249172828,8,AddComment,200,,CrazyComment 1-83,text,true,,160,569,2,2,8,0,0
1537249172831,7,AddComment,200,,CrazyComment 1-82,text,true,,160,569,2,2,7,0,0
1537249172837,3,AddComment,200,,CrazyComment 1-83,text,true,,160,569,2,2,3,0,0
1537249172841,3,SignIn,200,,CrazyComment 1-84,text,true,,235,490,3,3,3,0,1
1537249172838,8,AddComment,200,,CrazyComment 1-82,text,true,,160,569,3,3,8,0,0
1537249172840,9,AddComment,200,,CrazyComment 1-83,text,true,,160,569,2,2,9,0,0
1537249172844,7,AddComment,200,,CrazyComment 1-84,text,true,,160,569,1,1,7,0,0
1537249172851,3,AddComment,200,,CrazyComment 1-84,text,true,,160,569,1,1,3,0,0
1537249172854,2,AddComment,200,,CrazyComment 1-84,text,true,,160,569,1,1,2,0,0
1537249172857,3,SignIn,200,,CrazyComment 1-85,text,true,,235,490,1,1,3,0,0
1537249172860,2,AddComment,200,,CrazyComment 1-85,text,true,,160,569,1,1,2,0,0
1537249172862,3,AddComment,200,,CrazyComment 1-85,text,true,,160,569,1,1,3,0,0
1537249172865,3,AddComment,200,,CrazyComment 1-85,text,true,,160,569,1,1,2,0,0
1537249172873,2,SignIn,200,,CrazyComment 1-86,text,true,,235,490,1,1,2,0,0
1537249172875,4,AddComment,200,,CrazyComment 1-86,text,true,,160,569,1,1,4,0,0
1537249172879,2,AddComment,200,,CrazyComment 1-86,text,true,,160,569,1,1,2,0,0
1537249172882,2,AddComment,200,,CrazyComment 1-86,text,true,,160,569,1,1,2,0,0
1537249172890,2,SignIn,200,,CrazyComment 1-87,text,true,,235,490,1,1,2,0,1
1537249172892,4,AddComment,200,,CrazyComment 1-87,text,true,,160,569,1,1,4,0,0
1537249172896,2,AddComment,200,,CrazyComment 1-87,text,true,,160,569,1,1,2,0,0
1537249172898,2,AddComment,200,,CrazyComment 1-87,text,true,,160,569,1,1,2,0,0
1537249172908,1,SignIn,200,,CrazyComment 1-88,text,true,,235,490,1,1,1,0,0
1537249172909,4,AddComment,200,,CrazyComment 1-88,text,true,,160,569,1,1,4,0,0
1537249172913,2,AddComment,200,,CrazyComment 1-88,text,true,,160,569,1,1,2,0,0
1537249172915,2,AddComment,200,,CrazyComment 1-88,text,true,,160,569,1,1,2,0,0
1537249172925,6,SignIn,200,,CrazyComment 1-89,text,true,,235,490,1,1,6,0,2
1537249172932,8,AddComment,200,,CrazyComment 1-89,text,true,,160,569,1,1,8,0,0
1537249172941,7,AddComment,200,,CrazyComment 1-89,text,true,,160,569,2,2,7,0,0
1537249172942,6,SignIn,200,,CrazyComment 1-90,text,true,,235,490,2,2,6,0,2
1537249172949,8,AddComment,200,,CrazyComment 1-89,text,true,,160,569,2,2,8,0,0
1537249172949,11,AddComment,200,,CrazyComment 1-90,text,true,,160,569,2,2,11,0,0
1537249172960,7,SignIn,200,,CrazyComment 1-91,text,true,,235,490,2,2,7,0,3
1537249172960,9,AddComment,200,,CrazyComment 1-90,text,true,,160,569,2,2,9,0,0
1537249172968,7,AddComment,200,,CrazyComment 1-91,text,true,,160,569,2,2,7,0,0
1537249172970,8,AddComment,200,,CrazyComment 1-90,text,true,,160,569,3,3,8,0,0
1537249172976,10,AddComment,200,,CrazyComment 1-91,text,true,,160,569,2,2,10,0,0
1537249172978,8,SignIn,200,,CrazyComment 1-92,text,true,,235,490,2,2,8,0,3
1537249172987,9,AddComment,200,,CrazyComment 1-91,text,true,,160,569,3,3,9,0,0
1537249172987,15,AddComment,200,,CrazyComment 1-92,text,true,,160,569,2,2,15,0,0
1537249172995,10,SignIn,200,,CrazyComment 1-93,text,true,,235,490,2,2,10,0,3
1537249173002,12,AddComment,200,,CrazyComment 1-92,text,true,,160,569,3,3,12,0,0
1537249173012,10,SignIn,200,,CrazyComment 1-94,text,true,,235,490,3,3,10,0,4
1537249173006,18,AddComment,200,,CrazyComment 1-93,text,true,,160,569,3,3,18,0,0
1537249173015,13,AddComment,200,,CrazyComment 1-92,text,true,,160,569,4,4,13,0,0
1537249173022,13,AddComment,200,,CrazyComment 1-94,text,true,,160,569,3,3,13,0,0
1537249173028,9,SignIn,200,,CrazyComment 1-95,text,true,,235,490,3,3,9,0,1
1537249173025,13,AddComment,200,,CrazyComment 1-93,text,true,,160,569,3,3,13,0,0
1537249173043,3,SignIn,200,,CrazyComment 1-96,text,true,,235,490,4,4,3,0,1
1537249173048,7,AddComment,200,,CrazyComment 1-95,text,true,,160,569,4,4,7,0,0
1537249173048,9,AddComment,200,,CrazyComment 1-94,text,true,,160,569,4,4,9,0,0
1537249173048,10,AddComment,200,,CrazyComment 1-96,text,true,,160,569,4,4,10,0,0
1537249173055,5,AddComment,200,,CrazyComment 1-95,text,true,,160,569,4,4,5,0,0
1537249173048,13,AddComment,200,,CrazyComment 1-93,text,true,,160,569,5,5,13,0,0
1537249173057,7,AddComment,200,,CrazyComment 1-94,text,true,,160,569,4,4,7,0,0
1537249173061,3,SignIn,200,,CrazyComment 1-97,text,true,,235,490,4,4,3,0,1
1537249173058,7,AddComment,200,,CrazyComment 1-96,text,true,,160,569,3,3,7,0,0
1537249173060,7,AddComment,200,,CrazyComment 1-95,text,true,,160,569,3,3,7,0,0
1537249173064,4,AddComment,200,,CrazyComment 1-97,text,true,,160,569,2,2,4,0,0
1537249173066,3,AddComment,200,,CrazyComment 1-96,text,true,,160,569,2,2,3,0,0
1537249173069,2,AddComment,200,,CrazyComment 1-97,text,true,,160,569,1,1,2,0,0
1537249173071,3,AddComment,200,,CrazyComment 1-97,text,true,,160,569,1,1,3,0,0
1537249173078,2,SignIn,200,,CrazyComment 1-98,text,true,,235,490,1,1,2,0,1
1537249173080,2,AddComment,200,,CrazyComment 1-98,text,true,,160,569,1,1,2,0,0
1537249173082,2,AddComment,200,,CrazyComment 1-98,text,true,,160,569,1,1,2,0,0
1537249173084,3,AddComment,200,,CrazyComment 1-98,text,true,,160,569,1,1,3,0,0
1537249173095,2,SignIn,200,,CrazyComment 1-99,text,true,,235,490,1,1,2,0,1
1537249173097,6,AddComment,200,,CrazyComment 1-99,text,true,,160,569,1,1,6,0,0
1537249173103,2,AddComment,200,,CrazyComment 1-99,text,true,,160,569,1,1,2,0,0
1537249173105,2,AddComment,200,,CrazyComment 1-99,text,true,,160,569,1,1,2,0,0
1537249173112,2,SignIn,200,,CrazyComment 1-100,text,true,,235,491,1,1,2,0,0
1537249173114,6,AddComment,200,,CrazyComment 1-100,text,true,,160,569,1,1,6,0,0
1537249173120,2,AddComment,200,,CrazyComment 1-100,text,true,,160,569,1,1,2,0,0
1537249173122,3,AddComment,200,,CrazyComment 1-100,text,true,,160,569,1,1,3,0,0
1537249173128,2,SignIn,200,,CrazyComment 1-101,text,true,,235,491,1,1,2,0,0
1537249173130,4,AddComment,200,,CrazyComment 1-101,text,true,,160,569,1,1,4,0,0
1537249173135,2,AddComment,200,,CrazyComment 1-101,text,true,,160,569,1,1,2,0,0
1537249173138,2,AddComment,200,,CrazyComment 1-101,text,true,,160,569,1,1,2,0,0
1537249173146,2,SignIn,200,,CrazyComment 1-102,text,true,,235,491,1,1,2,0,0
1537249173148,4,AddComment,200,,CrazyComment 1-102,text,true,,160,569,1,1,4,0,0
1537249173152,2,AddComment,200,,CrazyComment 1-102,text,true,,160,569,1,1,2,0,0
1537249173154,2,AddComment,200,,CrazyComment 1-102,text,true,,160,569,1,1,2,0,0
1537249173162,1,SignIn,200,,CrazyComment 1-103,text,true,,235,491,1,1,1,0,0
1537249173164,4,AddComment,200,,CrazyComment 1-103,text,true,,160,569,1,1,4,0,0
1537249173168,2,AddComment,200,,CrazyComment 1-103,text,true,,160,569,1,1,2,0,0
1537249173170,2,AddComment,200,,CrazyComment 1-103,text,true,,160,569,1,1,2,0,0
1537249173179,1,SignIn,200,,CrazyComment 1-104,text,true,,235,491,1,1,1,0,0
1537249173181,5,AddComment,200,,CrazyComment 1-104,text,true,,160,569,1,1,5,0,0
1537249173186,2,AddComment,200,,CrazyComment 1-104,text,true,,160,569,1,1,2,0,0
1537249173188,2,AddComment,200,,CrazyComment 1-104,text,true,,160,569,1,1,2,0,0
1537249173196,1,SignIn,200,,CrazyComment 1-105,text,true,,235,491,1,1,1,0,0
1537249173198,3,AddComment,200,,CrazyComment 1-105,text,true,,160,569,1,1,3,0,0
1537249173202,1,AddComment,200,,CrazyComment 1-105,text,true,,160,569,1,1,1,0,0
1537249173204,2,AddComment,200,,CrazyComment 1-105,text,true,,160,569,1,1,2,0,0
1537249173213,1,SignIn,200,,CrazyComment 1-106,text,true,,235,491,1,1,1,0,0
1537249173214,5,AddComment,200,,CrazyComment 1-106,text,true,,160,569,1,1,5,0,0
1537249173219,2,AddComment,200,,CrazyComment 1-106,text,true,,160,569,1,1,2,0,0
1537249173221,2,AddComment,200,,CrazyComment 1-106,text,true,,160,569,1,1,2,0,0
1537249173230,1,SignIn,200,,CrazyComment 1-107,text,true,,235,491,1,1,1,0,0
1537249173231,5,AddComment,200,,CrazyComment 1-107,text,true,,160,569,1,1,5,0,0
1537249173236,2,AddComment,200,,CrazyComment 1-107,text,true,,160,569,1,1,2,0,0
1537249173238,2,AddComment,200,,CrazyComment 1-107,text,true,,160,569,1,1,2,0,0
1537249173247,1,SignIn,200,,CrazyComment 1-108,text,true,,235,491,1,1,1,0,0
1537249173249,5,AddComment,200,,CrazyComment 1-108,text,true,,160,569,1,1,5,0,0
1537249173254,6,AddComment,200,,CrazyComment 1-108,text,true,,160,569,1,1,6,0,0
1537249173260,9,AddComment,200,,CrazyComment 1-108,text,true,,160,569,2,2,9,0,0
1537249173263,6,SignIn,200,,CrazyComment 1-109,text,true,,235,491,2,2,6,0,2
1537249173270,6,AddComment,200,,CrazyComment 1-109,text,true,,160,569,1,1,6,0,0
1537249173277,7,AddComment,200,,CrazyComment 1-109,text,true,,160,569,2,2,7,0,0
1537249173281,11,SignIn,200,,CrazyComment 1-110,text,true,,235,491,2,2,11,0,2
1537249173284,11,AddComment,200,,CrazyComment 1-109,text,true,,160,569,2,2,11,0,0
1537249173299,10,SignIn,200,,CrazyComment 1-111,text,true,,235,491,2,2,10,0,3
1537249173293,18,AddComment,200,,CrazyComment 1-110,text,true,,160,569,2,2,18,0,0
1537249173314,11,SignIn,200,,CrazyComment 1-112,text,true,,235,491,3,3,11,0,2
1537249173310,20,AddComment,200,,CrazyComment 1-111,text,true,,160,569,3,3,20,0,0
1537249173331,5,SignIn,200,,CrazyComment 1-113,text,true,,235,491,4,4,5,0,1
1537249173312,27,AddComment,200,,CrazyComment 1-110,text,true,,160,569,4,4,27,0,0
1537249173326,14,AddComment,200,,CrazyComment 1-112,text,true,,160,569,4,4,14,0,0
1537249173336,7,AddComment,200,,CrazyComment 1-113,text,true,,160,569,4,4,7,0,0
1537249173330,14,AddComment,200,,CrazyComment 1-111,text,true,,160,569,4,4,14,0,0
1537249173339,10,AddComment,200,,CrazyComment 1-110,text,true,,160,569,5,5,10,0,0
1537249173347,5,SignIn,200,,CrazyComment 1-114,text,true,,235,491,4,4,5,0,1
1537249173340,13,AddComment,200,,CrazyComment 1-112,text,true,,160,569,4,4,13,0,0
1537249173343,18,AddComment,200,,CrazyComment 1-113,text,true,,160,569,4,4,18,0,0
1537249173344,21,AddComment,200,,CrazyComment 1-111,text,true,,160,569,5,5,21,0,0
1537249173363,5,SignIn,200,,CrazyComment 1-115,text,true,,235,491,4,4,5,0,1
1537249173353,18,AddComment,200,,CrazyComment 1-114,text,true,,160,569,4,4,18,0,0
1537249173368,4,AddComment,200,,CrazyComment 1-115,text,true,,160,569,4,4,4,0,0
1537249173353,21,AddComment,200,,CrazyComment 1-112,text,true,,160,569,4,4,21,0,0
1537249173361,16,AddComment,200,,CrazyComment 1-113,text,true,,160,569,3,3,16,0,0
1537249173371,7,AddComment,200,,CrazyComment 1-114,text,true,,160,569,2,2,7,0,0
1537249173372,8,AddComment,200,,CrazyComment 1-115,text,true,,160,569,3,3,8,0,0
1537249173379,4,AddComment,200,,CrazyComment 1-114,text,true,,160,569,3,3,4,0,0
1537249173380,4,SignIn,200,,CrazyComment 1-116,text,true,,235,491,2,2,4,0,1
1537249173380,5,AddComment,200,,CrazyComment 1-115,text,true,,160,569,2,2,5,0,0
1537249173384,3,AddComment,200,,CrazyComment 1-116,text,true,,160,569,1,1,3,0,0
1537249173387,2,AddComment,200,,CrazyComment 1-116,text,true,,160,569,1,1,2,0,0
1537249173389,3,AddComment,200,,CrazyComment 1-116,text,true,,160,569,1,1,3,0,0
1537249173397,2,SignIn,200,,CrazyComment 1-117,text,true,,235,491,1,1,2,0,1
1537249173399,5,AddComment,200,,CrazyComment 1-117,text,true,,160,569,1,1,5,0,0
1537249173404,2,AddComment,200,,CrazyComment 1-117,text,true,,160,569,1,1,2,0,0
1537249173406,2,AddComment,200,,CrazyComment 1-117,text,true,,160,569,1,1,2,0,0
1537249173413,2,SignIn,200,,CrazyComment 1-118,text,true,,235,491,1,1,2,0,1
1537249173415,4,AddComment,200,,CrazyComment 1-118,text,true,,160,569,1,1,4,0,0
1537249173419,2,AddComment,200,,CrazyComment 1-118,text,true,,160,569,1,1,2,0,0
1537249173421,2,AddComment,200,,CrazyComment 1-118,text,true,,160,569,1,1,2,0,0
1537249173430,2,SignIn,200,,CrazyComment 1-119,text,true,,235,491,1,1,2,0,1
1537249173432,4,AddComment,200,,CrazyComment 1-119,text,true,,160,569,1,1,4,0,0
1537249173436,2,AddComment,200,,CrazyComment 1-119,text,true,,160,569,1,1,2,0,0
1537249173438,2,AddComment,200,,CrazyComment 1-119,text,true,,160,569,1,1,2,0,0
1537249173448,2,SignIn,200,,CrazyComment 1-120,text,true,,235,491,1,1,2,0,1
1537249173450,4,AddComment,200,,CrazyComment 1-120,text,true,,160,569,1,1,4,0,0
1537249173454,2,AddComment,200,,CrazyComment 1-120,text,true,,160,569,1,1,2,0,0
1537249173456,2,AddComment,200,,CrazyComment 1-120,text,true,,160,569,1,1,2,0,0
1537249173464,2,SignIn,200,,CrazyComment 1-121,text,true,,235,491,1,1,2,0,1
1537249173466,4,AddComment,200,,CrazyComment 1-121,text,true,,160,569,1,1,4,0,0
1537249173470,2,AddComment,200,,CrazyComment 1-121,text,true,,160,569,1,1,2,0,0
1537249173472,3,AddComment,200,,CrazyComment 1-121,text,true,,160,569,1,1,3,0,0
1537249173481,2,SignIn,200,,CrazyComment 1-122,text,true,,235,491,1,1,2,0,1
1537249173483,4,AddComment,200,,CrazyComment 1-122,text,true,,160,569,1,1,4,0,0
1537249173487,2,AddComment,200,,CrazyComment 1-122,text,true,,160,569,1,1,2,0,0
1537249173489,3,AddComment,200,,CrazyComment 1-122,text,true,,160,569,1,1,3,0,0
1537249173498,2,SignIn,200,,CrazyComment 1-123,text,true,,235,491,1,1,2,0,1
1537249173500,5,AddComment,200,,CrazyComment 1-123,text,true,,160,569,1,1,5,0,0
1537249173505,3,AddComment,200,,CrazyComment 1-123,text,true,,160,569,1,1,3,0,0
1537249173508,2,AddComment,200,,CrazyComment 1-123,text,true,,160,569,1,1,2,0,0
1537249173514,2,SignIn,200,,CrazyComment 1-124,text,true,,235,491,1,1,2,0,0
1537249173516,4,AddComment,200,,CrazyComment 1-124,text,true,,160,569,1,1,4,0,0
1537249173520,3,AddComment,200,,CrazyComment 1-124,text,true,,160,569,1,1,3,0,0
1537249173523,4,AddComment,200,,CrazyComment 1-124,text,true,,160,569,1,1,4,0,0
1537249173530,2,SignIn,200,,CrazyComment 1-125,text,true,,235,491,1,1,2,0,1
1537249173532,2,AddComment,200,,CrazyComment 1-125,text,true,,160,569,1,1,2,0,0
1537249173540,2,AddComment,200,,CrazyComment 1-125,text,true,,160,569,1,1,2,0,0
1537249173542,3,AddComment,200,,CrazyComment 1-125,text,true,,160,569,1,1,3,0,0
1537249173548,2,SignIn,200,,CrazyComment 1-126,text,true,,235,491,1,1,2,0,1
1537249173550,3,AddComment,200,,CrazyComment 1-126,text,true,,160,569,1,1,3,0,0
1537249173553,3,AddComment,200,,CrazyComment 1-126,text,true,,160,569,1,1,3,0,0
1537249173556,3,AddComment,200,,CrazyComment 1-126,text,true,,160,569,1,1,3,0,0
1537249173566,2,SignIn,200,,CrazyComment 1-127,text,true,,235,491,1,1,2,0,0
1537249173568,5,AddComment,200,,CrazyComment 1-127,text,true,,160,569,1,1,5,0,0
1537249173573,3,AddComment,200,,CrazyComment 1-127,text,true,,160,569,1,1,3,0,0
1537249173576,2,AddComment,200,,CrazyComment 1-127,text,true,,160,569,1,1,2,0,0
1537249173582,2,SignIn,200,,CrazyComment 1-128,text,true,,235,491,1,1,2,0,0
1537249173584,5,AddComment,200,,CrazyComment 1-128,text,true,,160,569,1,1,5,0,0
1537249173590,2,AddComment,200,,CrazyComment 1-128,text,true,,160,569,1,1,2,0,0
1537249173592,3,AddComment,200,,CrazyComment 1-128,text,true,,160,569,1,1,3,0,0
1537249173599,2,SignIn,200,,CrazyComment 1-129,text,true,,235,491,1,1,2,0,1
1537249173601,6,AddComment,200,,CrazyComment 1-129,text,true,,160,569,1,1,6,0,0
1537249173607,3,AddComment,200,,CrazyComment 1-129,text,true,,160,569,1,1,3,0,0
1537249173610,3,AddComment,200,,CrazyComment 1-129,text,true,,160,569,1,1,3,0,0
1537249173616,2,SignIn,200,,CrazyComment 1-130,text,true,,235,491,1,1,2,0,0
1537249173618,5,AddComment,200,,CrazyComment 1-130,text,true,,160,569,1,1,5,0,0
1537249173623,2,AddComment,200,,CrazyComment 1-130,text,true,,160,569,1,1,2,0,0
1537249173626,2,AddComment,200,,CrazyComment 1-130,text,true,,160,569,1,1,2,0,0
1537249173631,2,SignIn,200,,CrazyComment 1-131,text,true,,235,491,1,1,2,0,1
1537249173634,4,AddComment,200,,CrazyComment 1-131,text,true,,160,569,1,1,4,0,0
1537249173638,3,AddComment,200,,CrazyComment 1-131,text,true,,160,569,1,1,3,0,0
1537249173641,2,AddComment,200,,CrazyComment 1-131,text,true,,160,569,1,1,2,0,0
1537249173649,2,SignIn,200,,CrazyComment 1-132,text,true,,235,491,1,1,2,0,1
1537249173651,5,AddComment,200,,CrazyComment 1-132,text,true,,160,569,1,1,5,0,0
1537249173656,3,AddComment,200,,CrazyComment 1-132,text,true,,160,569,1,1,3,0,0
1537249173659,2,AddComment,200,,CrazyComment 1-132,text,true,,160,569,1,1,2,0,0
1537249173665,2,SignIn,200,,CrazyComment 1-133,text,true,,235,491,1,1,2,0,1
1537249173668,4,AddComment,200,,CrazyComment 1-133,text,true,,160,569,1,1,4,0,0
1537249173672,3,AddComment,200,,CrazyComment 1-133,text,true,,160,569,1,1,3,0,0
1537249173675,3,AddComment,200,,CrazyComment 1-133,text,true,,160,569,1,1,3,0,0
1537249173682,4,SignIn,200,,CrazyComment 1-134,text,true,,235,491,1,1,4,0,1
1537249173699,4,SignIn,200,,CrazyComment 1-135,text,true,,235,491,2,2,4,0,1
1537249173686,19,AddComment,200,,CrazyComment 1-134,text,true,,160,569,2,2,19,0,0
1537249173719,3,SignIn,200,,CrazyComment 1-136,text,true,,235,491,3,3,3,0,1
1537249173703,28,AddComment,200,,CrazyComment 1-135,text,true,,160,569,3,3,28,0,0
1537249173735,3,SignIn,200,,CrazyComment 1-137,text,true,,235,491,4,4,3,0,1
1537249173752,2,SignIn,200,,CrazyComment 1-138,text,true,,235,491,5,5,2,0,1
1537249173705,53,AddComment,200,,CrazyComment 1-134,text,true,,160,569,5,5,53,0,0
1537249173722,43,AddComment,200,,CrazyComment 1-136,text,true,,160,569,5,5,43,0,0
1537249173755,12,AddComment,200,,CrazyComment 1-138,text,true,,160,569,5,5,12,0,0
1537249173738,31,AddComment,200,,CrazyComment 1-137,text,true,,160,569,5,6,31,0,0
1537249173769,2,SignIn,200,,CrazyComment 1-139,text,true,,235,491,6,6,2,0,1
1537249173758,14,AddComment,200,,CrazyComment 1-134,text,true,,160,569,6,6,14,0,0
1537249173767,7,AddComment,200,,CrazyComment 1-138,text,true,,160,569,5,5,7,0,0
1537249173769,7,AddComment,200,,CrazyComment 1-137,text,true,,160,569,5,5,7,0,0
1537249173765,14,AddComment,200,,CrazyComment 1-136,text,true,,160,569,5,5,14,0,0
1537249173775,8,AddComment,200,,CrazyComment 1-138,text,true,,160,569,5,5,8,0,0
1537249173771,16,AddComment,200,,CrazyComment 1-139,text,true,,160,569,5,5,16,0,0
1537249173785,2,SignIn,200,,CrazyComment 1-140,text,true,,235,491,5,5,2,0,1
1537249173779,13,AddComment,200,,CrazyComment 1-136,text,true,,160,569,5,5,13,0,0
1537249173777,17,AddComment,200,,CrazyComment 1-137,text,true,,160,569,4,4,17,0,0
1537249173788,9,AddComment,200,,CrazyComment 1-139,text,true,,160,569,3,3,9,0,0
1537249173788,12,AddComment,200,,CrazyComment 1-140,text,true,,160,569,3,3,12,0,0
1537249173797,5,AddComment,200,,CrazyComment 1-139,text,true,,160,569,3,3,5,0,0
1537249173803,2,SignIn,200,,CrazyComment 1-141,text,true,,235,491,3,3,2,0,0
1537249173800,8,AddComment,200,,CrazyComment 1-140,text,true,,160,569,3,3,8,0,0
1537249173805,5,AddComment,200,,CrazyComment 1-141,text,true,,160,569,3,3,5,0,0
1537249173809,4,AddComment,200,,CrazyComment 1-140,text,true,,160,569,3,3,4,0,0
1537249173811,5,AddComment,200,,CrazyComment 1-141,text,true,,160,569,2,2,5,0,0
1537249173731,87,AddComment,200,,CrazyComment 1-135,text,true,,160,569,2,2,87,0,0
1537249173820,2,SignIn,200,,CrazyComment 1-142,text,true,,235,491,3,3,2,0,1
1537249173816,8,AddComment,200,,CrazyComment 1-141,text,true,,160,569,3,3,8,0,0
1537249173819,7,AddComment,200,,CrazyComment 1-135,text,true,,160,569,2,2,7,0,0
1537249173822,8,AddComment,200,,CrazyComment 1-142,text,true,,160,569,1,1,8,0,0
1537249173830,4,AddComment,200,,CrazyComment 1-142,text,true,,160,569,1,1,4,0,0
1537249173834,4,AddComment,200,,CrazyComment 1-142,text,true,,160,569,2,2,4,0,0
1537249173837,3,SignIn,200,,CrazyComment 1-143,text,true,,235,491,1,1,3,0,1
1537249173840,4,AddComment,200,,CrazyComment 1-143,text,true,,160,569,1,1,4,0,0
1537249173844,4,AddComment,200,,CrazyComment 1-143,text,true,,160,569,1,1,4,0,0
1537249173848,4,AddComment,200,,CrazyComment 1-143,text,true,,160,569,1,1,4,0,0
1537249173854,2,SignIn,200,,CrazyComment 1-144,text,true,,235,491,1,1,2,0,1
1537249173857,3,AddComment,200,,CrazyComment 1-144,text,true,,160,569,1,1,3,0,0
1537249173861,3,AddComment,200,,CrazyComment 1-144,text,true,,160,569,1,1,3,0,0
1537249173864,3,AddComment,200,,CrazyComment 1-144,text,true,,160,569,1,1,3,0,0
1537249173872,2,SignIn,200,,CrazyComment 1-145,text,true,,235,491,1,1,2,0,0
1537249173874,5,AddComment,200,,CrazyComment 1-145,text,true,,160,569,1,1,5,0,0
1537249173879,2,AddComment,200,,CrazyComment 1-145,text,true,,160,569,1,1,2,0,0
1537249173881,3,AddComment,200,,CrazyComment 1-145,text,true,,160,569,1,1,3,0,0
1537249173889,2,SignIn,200,,CrazyComment 1-146,text,true,,235,491,1,1,2,0,0
1537249173891,4,AddComment,200,,CrazyComment 1-146,text,true,,160,569,1,1,4,0,0
1537249173896,2,AddComment,200,,CrazyComment 1-146,text,true,,160,569,1,1,2,0,0
1537249173898,3,AddComment,200,,CrazyComment 1-146,text,true,,160,569,1,1,3,0,0
1537249173907,3,SignIn,200,,CrazyComment 1-147,text,true,,235,491,1,1,3,0,0
1537249173910,5,AddComment,200,,CrazyComment 1-147,text,true,,160,569,1,1,5,0,0
1537249173915,2,AddComment,200,,CrazyComment 1-147,text,true,,160,569,1,1,2,0,0
1537249173917,3,AddComment,200,,CrazyComment 1-147,text,true,,160,569,1,1,3,0,0
1537249173924,2,SignIn,200,,CrazyComment 1-148,text,true,,235,491,1,1,2,0,0
1537249173926,4,AddComment,200,,CrazyComment 1-148,text,true,,160,569,1,1,4,0,0
1537249173931,2,AddComment,200,,CrazyComment 1-148,text,true,,160,569,1,1,2,0,0
1537249173933,5,AddComment,200,,CrazyComment 1-148,text,true,,160,569,2,2,5,0,0
1537249173938,2,SignIn,200,,CrazyComment 1-149,text,true,,235,491,1,1,2,0,1
1537249173940,5,AddComment,200,,CrazyComment 1-149,text,true,,160,569,1,1,5,0,0
1537249173946,2,AddComment,200,,CrazyComment 1-149,text,true,,160,569,1,1,2,0,0
1537249173948,1,AddComment,200,,CrazyComment 1-149,text,true,,160,569,1,1,1,0,0
1537249173957,2,SignIn,200,,CrazyComment 1-150,text,true,,235,491,1,1,2,0,0
1537249173959,4,AddComment,200,,CrazyComment 1-150,text,true,,160,569,1,1,4,0,0
1537249173963,2,AddComment,200,,CrazyComment 1-150,text,true,,160,569,1,1,2,0,0
1537249173965,2,AddComment,200,,CrazyComment 1-150,text,true,,160,569,1,1,2,0,0
1537249173974,1,SignIn,200,,CrazyComment 1-151,text,true,,235,491,1,1,1,0,0
1537249173976,4,AddComment,200,,CrazyComment 1-151,text,true,,160,569,1,1,4,0,0
1537249173980,2,AddComment,200,,CrazyComment 1-151,text,true,,160,569,1,1,2,0,0
1537249173982,2,AddComment,200,,CrazyComment 1-151,text,true,,160,569,1,1,2,0,0
1537249173988,2,SignIn,200,,CrazyComment 1-152,text,true,,235,491,1,1,2,0,0
1537249173990,2,AddComment,200,,CrazyComment 1-152,text,true,,160,569,1,1,2,0,0
1537249173992,2,AddComment,200,,CrazyComment 1-152,text,true,,160,569,1,1,2,0,0
1537249173995,2,AddComment,200,,CrazyComment 1-152,text,true,,160,569,1,1,2,0,0
1537249174007,2,SignIn,200,,CrazyComment 1-153,text,true,,235,491,1,1,2,0,1
1537249174009,4,AddComment,200,,CrazyComment 1-153,text,true,,160,569,1,1,4,0,0
1537249174013,3,AddComment,200,,CrazyComment 1-153,text,true,,160,569,1,1,3,0,0
1537249174016,3,AddComment,200,,CrazyComment 1-153,text,true,,160,569,1,1,3,0,0
1537249174025,51,SignIn,200,,CrazyComment 1-154,text,true,,235,491,3,3,51,0,0
1537249174043,33,SignIn,200,,CrazyComment 1-155,text,true,,235,491,3,3,33,0,1
1537249174061,31,SignIn,200,,CrazyComment 1-156,text,true,,235,491,4,4,31,0,2
1537249174076,35,AddComment,200,,CrazyComment 1-155,text,true,,160,569,6,6,35,0,0
1537249174112,6,SignIn,200,,CrazyComment 1-159,text,true,,235,491,6,6,6,0,2
1537249174076,49,AddComment,200,,CrazyComment 1-154,text,true,,160,569,6,6,49,0,0
1537249174093,39,AddComment,200,,CrazyComment 1-156,text,true,,160,569,7,7,39,0,0
1537249174111,23,AddComment,200,,CrazyComment 1-155,text,true,,160,569,7,7,23,0,0
1537249174094,44,SignIn,200,,CrazyComment 1-158,text,true,,235,491,7,7,44,0,3
1537249174127,11,SignIn,200,,CrazyComment 1-160,text,true,,235,491,7,7,11,0,2
1537249174125,19,AddComment,200,,CrazyComment 1-154,text,true,,160,569,8,8,19,0,0
1537249174132,16,AddComment,200,,CrazyComment 1-156,text,true,,160,569,8,8,16,0,0
1537249174078,71,SignIn,200,,CrazyComment 1-157,text,true,,235,491,8,8,71,0,3
1537249174140,9,SignIn,200,,CrazyComment 1-161,text,true,,235,491,8,8,9,0,1
1537249174138,16,AddComment,200,,CrazyComment 1-160,text,true,,160,569,8,8,16,0,0
1537249174134,22,AddComment,200,,CrazyComment 1-155,text,true,,160,569,8,8,22,0,0
1537249174145,13,AddComment,200,,CrazyComment 1-154,text,true,,160,569,7,7,13,0,0
1537249174150,11,AddComment,200,,CrazyComment 1-161,text,true,,160,569,7,7,11,0,0
1537249174161,2,SignIn,200,,CrazyComment 1-162,text,true,,235,491,7,7,2,0,1
1537249174118,50,AddComment,200,,CrazyComment 1-159,text,true,,160,569,7,7,50,0,0
1537249174138,33,AddComment,200,,CrazyComment 1-158,text,true,,160,569,7,7,33,0,0
1537249174161,11,AddComment,200,,CrazyComment 1-161,text,true,,160,569,7,7,11,0,0
1537249174168,6,AddComment,200,,CrazyComment 1-159,text,true,,160,569,7,7,6,0,0
1537249174154,22,AddComment,200,,CrazyComment 1-160,text,true,,160,569,7,7,22,0,0
1537249174172,8,AddComment,200,,CrazyComment 1-161,text,true,,160,569,8,8,8,0,0
1537249174178,2,SignIn,200,,CrazyComment 1-163,text,true,,235,491,7,7,2,0,1
1537249174174,8,AddComment,200,,CrazyComment 1-159,text,true,,160,569,7,7,8,0,0
1537249174177,6,AddComment,200,,CrazyComment 1-160,text,true,,160,569,6,6,6,0,0
1537249174164,21,AddComment,200,,CrazyComment 1-162,text,true,,160,569,5,5,21,0,0
1537249174171,16,AddComment,200,,CrazyComment 1-158,text,true,,160,569,5,5,16,0,0
1537249174181,7,AddComment,200,,CrazyComment 1-163,text,true,,160,569,5,5,7,0,0
1537249174149,42,AddComment,200,,CrazyComment 1-156,text,true,,160,569,5,5,42,0,0
1537249174150,43,AddComment,200,,CrazyComment 1-157,text,true,,160,569,4,4,43,0,0
1537249174189,5,AddComment,200,,CrazyComment 1-163,text,true,,160,569,4,4,5,0,0
1537249174187,10,AddComment,200,,CrazyComment 1-158,text,true,,160,569,5,5,10,0,0
1537249174195,3,SignIn,200,,CrazyComment 1-164,text,true,,235,491,4,4,3,0,1
1537249174185,15,AddComment,200,,CrazyComment 1-162,text,true,,160,569,4,4,15,0,0
1537249174194,7,AddComment,200,,CrazyComment 1-163,text,true,,160,569,4,4,7,0,0
1537249174193,11,AddComment,200,,CrazyComment 1-157,text,true,,160,569,3,3,11,0,0
1537249174198,8,AddComment,200,,CrazyComment 1-164,text,true,,160,569,3,3,8,0,0
1537249174200,8,AddComment,200,,CrazyComment 1-162,text,true,,160,569,3,3,8,0,0
1537249174204,5,AddComment,200,,CrazyComment 1-157,text,true,,160,569,2,2,5,0,0
1537249174206,7,AddComment,200,,CrazyComment 1-164,text,true,,160,569,2,2,7,0,0
1537249174212,2,SignIn,200,,CrazyComment 1-165,text,true,,235,491,2,2,2,0,1
1537249174213,3,AddComment,200,,CrazyComment 1-164,text,true,,160,569,2,2,3,0,0
1537249174214,3,AddComment,200,,CrazyComment 1-165,text,true,,160,569,1,1,3,0,0
1537249174217,3,AddComment,200,,CrazyComment 1-165,text,true,,160,569,1,1,3,0,0
1537249174221,1,AddComment,200,,CrazyComment 1-165,text,true,,160,569,1,1,1,0,0
1537249174230,2,SignIn,200,,CrazyComment 1-166,text,true,,235,491,1,1,2,0,0
1537249174232,9,AddComment,200,,CrazyComment 1-166,text,true,,160,569,1,1,9,0,0
1537249174241,4,AddComment,200,,CrazyComment 1-166,text,true,,160,569,1,1,4,0,0
1537249174245,4,AddComment,200,,CrazyComment 1-166,text,true,,160,569,2,2,4,0,0
1537249174247,2,SignIn,200,,CrazyComment 1-167,text,true,,235,491,1,1,2,0,1
1537249174250,3,AddComment,200,,CrazyComment 1-167,text,true,,160,569,1,1,3,0,0
1537249174254,3,AddComment,200,,CrazyComment 1-167,text,true,,160,569,1,1,3,0,0
1537249174257,5,AddComment,200,,CrazyComment 1-167,text,true,,160,569,1,1,5,0,0
1537249174264,8,SignIn,200,,CrazyComment 1-168,text,true,,235,491,1,1,8,0,1
1537249174272,3,AddComment,200,,CrazyComment 1-168,text,true,,160,569,1,1,3,0,0
1537249174276,3,AddComment,200,,CrazyComment 1-168,text,true,,160,569,1,1,3,0,0
1537249174279,2,AddComment,200,,CrazyComment 1-168,text,true,,160,569,2,2,2,0,0
1537249174281,2,SignIn,200,,CrazyComment 1-169,text,true,,235,491,1,1,2,0,0
1537249174283,3,AddComment,200,,CrazyComment 1-169,text,true,,160,569,1,1,3,0,0
1537249174286,3,AddComment,200,,CrazyComment 1-169,text,true,,160,569,1,1,3,0,0
1537249174289,3,AddComment,200,,CrazyComment 1-169,text,true,,160,569,1,1,3,0,0
1537249174295,2,SignIn,200,,CrazyComment 1-170,text,true,,235,491,1,1,2,0,0
1537249174297,3,AddComment,200,,CrazyComment 1-170,text,true,,160,569,1,1,3,0,0
1537249174300,2,AddComment,200,,CrazyComment 1-170,text,true,,160,569,1,1,2,0,0
1537249174303,1,AddComment,200,,CrazyComment 1-170,text,true,,160,569,1,1,1,0,0
1537249174313,2,SignIn,200,,CrazyComment 1-171,text,true,,235,491,1,1,2,0,0
1537249174315,4,AddComment,200,,CrazyComment 1-171,text,true,,160,569,1,1,4,0,0
1537249174319,2,AddComment,200,,CrazyComment 1-171,text,true,,160,569,1,1,2,0,0
1537249174322,2,AddComment,200,,CrazyComment 1-171,text,true,,160,569,1,1,2,0,0
1537249174331,2,SignIn,200,,CrazyComment 1-172,text,true,,235,491,1,1,2,0,0
1537249174333,4,AddComment,200,,CrazyComment 1-172,text,true,,160,569,1,1,4,0,0
1537249174337,3,AddComment,200,,CrazyComment 1-172,text,true,,160,569,1,1,3,0,0
1537249174340,2,AddComment,200,,CrazyComment 1-172,text,true,,160,569,1,1,2,0,0
1537249174347,1,SignIn,200,,CrazyComment 1-173,text,true,,235,491,1,1,1,0,0
1537249174349,4,AddComment,200,,CrazyComment 1-173,text,true,,160,569,1,1,4,0,0
1537249174353,2,AddComment,200,,CrazyComment 1-173,text,true,,160,569,1,1,2,0,0
1537249174355,2,AddComment,200,,CrazyComment 1-173,text,true,,160,569,1,1,2,0,0
1537249174363,1,SignIn,200,,CrazyComment 1-174,text,true,,235,491,1,1,1,0,0
1537249174365,3,AddComment,200,,CrazyComment 1-174,text,true,,160,569,1,1,3,0,0
1537249174368,2,AddComment,200,,CrazyComment 1-174,text,true,,160,569,1,1,2,0,0
1537249174370,2,AddComment,200,,CrazyComment 1-174,text,true,,160,569,1,1,2,0,0
1537249174380,1,SignIn,200,,CrazyComment 1-175,text,true,,235,491,1,1,1,0,0
1537249174381,5,AddComment,200,,CrazyComment 1-175,text,true,,160,569,1,1,5,0,0
1537249174386,2,AddComment,200,,CrazyComment 1-175,text,true,,160,569,1,1,2,0,0
1537249174388,2,AddComment,200,,CrazyComment 1-175,text,true,,160,569,1,1,2,0,0
1537249174397,2,SignIn,200,,CrazyComment 1-176,text,true,,235,491,1,1,2,0,0
1537249174399,4,AddComment,200,,CrazyComment 1-176,text,true,,160,569,1,1,3,0,0
1537249174403,1,AddComment,200,,CrazyComment 1-176,text,true,,160,569,1,1,1,0,0
1537249174405,1,AddComment,200,,CrazyComment 1-176,text,true,,160,569,1,1,1,0,0
1537249174414,8,SignIn,200,,CrazyComment 1-177,text,true,,235,491,1,1,8,0,2
1537249174423,9,AddComment,200,,CrazyComment 1-177,text,true,,160,569,2,2,9,0,0
1537249174432,11,AddComment,200,,CrazyComment 1-177,text,true,,160,569,2,2,11,0,0
1537249174432,12,SignIn,200,,CrazyComment 1-178,text,true,,235,491,2,2,12,0,3
1537249174445,16,AddComment,200,,CrazyComment 1-178,text,true,,160,569,3,3,16,0,0
1537249174448,18,SignIn,200,,CrazyComment 1-179,text,true,,235,491,4,4,18,0,3
1537249174444,46,AddComment,200,,CrazyComment 1-177,text,true,,160,569,5,5,46,0,0
1537249174462,33,AddComment,200,,CrazyComment 1-178,text,true,,160,569,4,4,33,0,0
1537249174483,13,SignIn,200,,CrazyComment 1-181,text,true,,235,491,4,4,13,0,1
1537249174466,32,SignIn,200,,CrazyComment 1-180,text,true,,235,491,4,4,32,0,4
1537249174467,36,AddComment,200,,CrazyComment 1-179,text,true,,160,569,5,5,36,0,0
1537249174499,6,SignIn,200,,CrazyComment 1-182,text,true,,235,491,5,5,6,0,2
1537249174497,10,AddComment,200,,CrazyComment 1-181,text,true,,160,569,5,5,10,0,0
1537249174495,13,AddComment,200,,CrazyComment 1-178,text,true,,160,569,5,5,13,0,0
1537249174504,5,AddComment,200,,CrazyComment 1-179,text,true,,160,569,4,4,5,0,0
1537249174505,5,AddComment,200,,CrazyComment 1-182,text,true,,160,569,4,4,5,0,0
1537249174498,13,AddComment,200,,CrazyComment 1-180,text,true,,160,569,4,4,13,0,0
1537249174507,6,AddComment,200,,CrazyComment 1-181,text,true,,160,569,4,4,6,0,0
1537249174510,4,AddComment,200,,CrazyComment 1-179,text,true,,160,569,4,4,4,0,0
1537249174511,4,AddComment,200,,CrazyComment 1-182,text,true,,160,569,3,3,4,0,0
1537249174512,4,AddComment,200,,CrazyComment 1-180,text,true,,160,569,4,4,4,0,0
1537249174513,7,AddComment,200,,CrazyComment 1-181,text,true,,160,569,4,4,7,0,0
1537249174517,3,SignIn,200,,CrazyComment 1-183,text,true,,235,491,4,4,3,0,0
1537249174516,6,AddComment,200,,CrazyComment 1-180,text,true,,160,569,3,3,6,0,0
1537249174515,8,AddComment,200,,CrazyComment 1-182,text,true,,160,569,2,2,8,0,0
1537249174520,5,AddComment,200,,CrazyComment 1-183,text,true,,160,569,1,1,5,0,0
1537249174525,2,AddComment,200,,CrazyComment 1-183,text,true,,160,569,1,1,2,0,0
1537249174527,2,AddComment,200,,CrazyComment 1-183,text,true,,160,569,1,1,2,0,0
1537249174533,2,SignIn,200,,CrazyComment 1-184,text,true,,235,491,1,1,2,0,1
1537249174535,2,AddComment,200,,CrazyComment 1-184,text,true,,160,569,1,1,2,0,0
1537249174542,2,AddComment,200,,CrazyComment 1-184,text,true,,160,569,1,1,2,0,0
1537249174544,2,AddComment,200,,CrazyComment 1-184,text,true,,160,569,1,1,2,0,0
1537249174547,2,SignIn,200,,CrazyComment 1-185,text,true,,235,491,1,1,2,0,1
1537249174549,3,AddComment,200,,CrazyComment 1-185,text,true,,160,569,1,1,3,0,0
1537249174552,3,AddComment,200,,CrazyComment 1-185,text,true,,160,569,1,1,3,0,0
1537249174555,1,AddComment,200,,CrazyComment 1-185,text,true,,160,569,1,1,1,0,0
1537249174566,2,SignIn,200,,CrazyComment 1-186,text,true,,235,491,1,1,2,0,1
1537249174568,5,AddComment,200,,CrazyComment 1-186,text,true,,160,569,1,1,5,0,0
1537249174573,2,AddComment,200,,CrazyComment 1-186,text,true,,160,569,1,1,2,0,0
1537249174575,2,AddComment,200,,CrazyComment 1-186,text,true,,160,569,1,1,2,0,0
1537249174583,2,SignIn,200,,CrazyComment 1-187,text,true,,235,491,1,1,2,0,1
1537249174585,5,AddComment,200,,CrazyComment 1-187,text,true,,160,569,1,1,5,0,0
1537249174590,3,AddComment,200,,CrazyComment 1-187,text,true,,160,569,1,1,3,0,0
1537249174593,2,AddComment,200,,CrazyComment 1-187,text,true,,160,569,1,1,2,0,0
1537249174602,3,SignIn,200,,CrazyComment 1-188,text,true,,235,491,1,1,3,0,1
1537249174605,4,AddComment,200,,CrazyComment 1-188,text,true,,160,569,1,1,4,0,0
1537249174609,2,AddComment,200,,CrazyComment 1-188,text,true,,160,569,1,1,2,0,0
1537249174611,2,AddComment,200,,CrazyComment 1-188,text,true,,160,569,1,1,2,0,0
1537249174621,8,SignIn,200,,CrazyComment 1-189,text,true,,235,491,1,1,8,0,2
1537249174629,11,AddComment,200,,CrazyComment 1-189,text,true,,160,569,2,2,11,0,0
1537249174639,7,SignIn,200,,CrazyComment 1-190,text,true,,235,491,2,2,7,0,2
1537249174641,9,AddComment,200,,CrazyComment 1-189,text,true,,160,569,2,2,9,0,0
1537249174647,10,AddComment,200,,CrazyComment 1-190,text,true,,160,569,3,3,10,0,0
1537249174654,10,SignIn,200,,CrazyComment 1-191,text,true,,235,491,3,3,10,0,2
1537249174651,15,AddComment,200,,CrazyComment 1-189,text,true,,160,569,3,3,15,0,0
1537249174657,13,AddComment,200,,CrazyComment 1-190,text,true,,160,569,3,3,13,0,0
1537249174671,11,SignIn,200,,CrazyComment 1-192,text,true,,235,491,3,3,11,0,2
1537249174665,20,AddComment,200,,CrazyComment 1-191,text,true,,160,569,3,3,20,0,0
1537249174671,18,AddComment,200,,CrazyComment 1-190,text,true,,160,569,4,4,18,0,0
1537249174689,9,SignIn,200,,CrazyComment 1-193,text,true,,235,491,3,3,9,0,3
1537249174683,16,AddComment,200,,CrazyComment 1-192,text,true,,160,569,3,3,16,0,0
1537249174685,16,AddComment,200,,CrazyComment 1-191,text,true,,160,569,3,3,16,0,0
1537249174699,6,AddComment,200,,CrazyComment 1-193,text,true,,160,569,4,4,6,0,0
1537249174699,9,AddComment,200,,CrazyComment 1-192,text,true,,160,569,4,4,9,0,0
1537249174704,4,SignIn,200,,CrazyComment 1-194,text,true,,235,491,4,4,4,0,2
1537249174702,7,AddComment,200,,CrazyComment 1-191,text,true,,160,569,4,4,7,0,0
1537249174705,7,AddComment,200,,CrazyComment 1-193,text,true,,160,569,3,3,7,0,0
1537249174708,5,AddComment,200,,CrazyComment 1-194,text,true,,160,569,3,3,5,0,0
1537249174708,6,AddComment,200,,CrazyComment 1-192,text,true,,160,569,3,3,6,0,0
1537249174712,4,AddComment,200,,CrazyComment 1-193,text,true,,160,569,2,2,4,0,0
1537249174714,4,AddComment,200,,CrazyComment 1-194,text,true,,160,569,1,1,4,0,0
1537249174718,3,AddComment,200,,CrazyComment 1-194,text,true,,160,569,2,2,3,0,0
1537249174721,2,SignIn,200,,CrazyComment 1-195,text,true,,235,491,1,1,2,0,1
1537249174724,2,AddComment,200,,CrazyComment 1-195,text,true,,160,569,1,1,2,0,0
1537249174726,2,AddComment,200,,CrazyComment 1-195,text,true,,160,569,1,1,2,0,0
1537249174728,2,AddComment,200,,CrazyComment 1-195,text,true,,160,569,1,1,2,0,0
1537249174738,7,SignIn,200,,CrazyComment 1-196,text,true,,235,491,1,1,7,0,2
1537249174746,8,AddComment,200,,CrazyComment 1-196,text,true,,160,569,2,2,8,0,0
1537249174755,5,AddComment,200,,CrazyComment 1-196,text,true,,160,569,2,2,5,0,0
1537249174754,6,SignIn,200,,CrazyComment 1-197,text,true,,235,491,2,2,6,0,2
1537249174760,3,AddComment,200,,CrazyComment 1-196,text,true,,160,569,2,2,3,0,0
1537249174760,4,AddComment,200,,CrazyComment 1-197,text,true,,160,569,1,1,4,0,0
1537249174765,3,AddComment,200,,CrazyComment 1-197,text,true,,160,569,1,1,3,0,0
1537249174768,3,AddComment,200,,CrazyComment 1-197,text,true,,160,569,2,2,3,0,0
1537249174771,3,SignIn,200,,CrazyComment 1-198,text,true,,235,491,1,1,3,0,1
1537249174775,2,AddComment,200,,CrazyComment 1-198,text,true,,160,569,1,1,2,0,0
1537249174778,2,AddComment,200,,CrazyComment 1-198,text,true,,160,569,1,1,2,0,0
1537249174780,5,AddComment,200,,CrazyComment 1-198,text,true,,160,569,2,2,5,0,0
1537249174786,3,SignIn,200,,CrazyComment 1-199,text,true,,235,491,1,1,3,0,1
1537249174789,2,AddComment,200,,CrazyComment 1-199,text,true,,160,569,1,1,2,0,0
1537249174791,2,AddComment,200,,CrazyComment 1-199,text,true,,160,569,1,1,2,0,0
1537249174794,2,AddComment,200,,CrazyComment 1-199,text,true,,160,569,1,1,2,0,0
1537249174803,2,SignIn,200,,CrazyComment 1-200,text,true,,235,491,1,1,2,0,1
1537249174806,4,AddComment,200,,CrazyComment 1-200,text,true,,160,569,1,1,4,0,0
1537249174810,2,AddComment,200,,CrazyComment 1-200,text,true,,160,569,1,1,2,0,0
1537249174812,2,AddComment,200,,CrazyComment 1-200,text,true,,160,569,1,1,2,0,0
1537249174821,3,SignIn,200,,CrazyComment 1-201,text,true,,235,491,1,1,3,0,1
1537249174824,4,AddComment,200,,CrazyComment 1-201,text,true,,160,569,1,1,4,0,0
1537249174828,2,AddComment,200,,CrazyComment 1-201,text,true,,160,569,1,1,2,0,0
1537249174830,3,AddComment,200,,CrazyComment 1-201,text,true,,160,569,1,1,3,0,0
1537249174837,3,SignIn,200,,CrazyComment 1-202,text,true,,235,491,1,1,3,0,1
1537249174840,4,AddComment,200,,CrazyComment 1-202,text,true,,160,569,1,1,4,0,0
1537249174845,2,AddComment,200,,CrazyComment 1-202,text,true,,160,569,1,1,2,0,0
1537249174847,2,AddComment,200,,CrazyComment 1-202,text,true,,160,569,1,1,2,0,0
1537249174854,2,SignIn,200,,CrazyComment 1-203,text,true,,235,491,1,1,2,0,1
1537249174857,4,AddComment,200,,CrazyComment 1-203,text,true,,160,569,1,1,4,0,0
1537249174861,2,AddComment,200,,CrazyComment 1-203,text,true,,160,569,1,1,2,0,0
1537249174863,3,AddComment,200,,CrazyComment 1-203,text,true,,160,569,1,1,3,0,0
1537249174873,7,SignIn,200,,CrazyComment 1-204,text,true,,235,491,1,1,7,0,2
1537249174881,9,AddComment,200,,CrazyComment 1-204,text,true,,160,569,2,2,9,0,0
1537249174890,9,SignIn,200,,CrazyComment 1-205,text,true,,235,491,2,2,9,0,2
1537249174891,11,AddComment,200,,CrazyComment 1-204,text,true,,160,569,2,2,11,0,0
1537249174906,8,SignIn,200,,CrazyComment 1-206,text,true,,235,491,3,3,8,0,2
1537249174902,14,AddComment,200,,CrazyComment 1-204,text,true,,160,569,3,3,14,0,0
1537249174900,28,AddComment,200,,CrazyComment 1-205,text,true,,160,569,3,3,28,0,0
1537249174923,9,SignIn,200,,CrazyComment 1-207,text,true,,235,491,3,3,9,0,3
1537249174915,19,AddComment,200,,CrazyComment 1-206,text,true,,160,569,3,3,19,0,0
1537249174929,13,AddComment,200,,CrazyComment 1-205,text,true,,160,569,4,4,13,0,0
1537249174933,12,AddComment,200,,CrazyComment 1-207,text,true,,160,569,4,4,12,0,0
1537249174940,7,SignIn,200,,CrazyComment 1-208,text,true,,235,491,4,4,7,0,1
1537249174935,14,AddComment,200,,CrazyComment 1-206,text,true,,160,569,4,4,14,0,0
1537249174943,8,AddComment,200,,CrazyComment 1-205,text,true,,160,569,4,4,8,0,0
1537249174946,7,AddComment,200,,CrazyComment 1-207,text,true,,160,569,3,3,7,0,0
1537249174948,7,AddComment,200,,CrazyComment 1-208,text,true,,160,569,3,3,7,0,0
1537249174949,8,AddComment,200,,CrazyComment 1-206,text,true,,160,569,4,4,8,0,0
1537249174954,5,AddComment,200,,CrazyComment 1-207,text,true,,160,569,3,3,5,0,0
1537249174956,3,SignIn,200,,CrazyComment 1-209,text,true,,235,491,3,3,3,0,1
1537249174956,5,AddComment,200,,CrazyComment 1-208,text,true,,160,569,2,2,5,0,0
1537249174959,3,AddComment,200,,CrazyComment 1-209,text,true,,160,569,2,2,3,0,0
1537249174961,3,AddComment,200,,CrazyComment 1-208,text,true,,160,569,2,2,3,0,0
1537249174962,3,AddComment,200,,CrazyComment 1-209,text,true,,160,569,1,1,3,0,0
1537249174965,2,AddComment,200,,CrazyComment 1-209,text,true,,160,569,1,1,2,0,0
1537249174973,2,SignIn,200,,CrazyComment 1-210,text,true,,235,491,1,1,2,0,1
1537249174975,4,AddComment,200,,CrazyComment 1-210,text,true,,160,569,1,1,4,0,0
1537249174979,2,AddComment,200,,CrazyComment 1-210,text,true,,160,569,1,1,2,0,0
1537249174981,2,AddComment,200,,CrazyComment 1-210,text,true,,160,569,1,1,2,0,0
1537249174989,2,SignIn,200,,CrazyComment 1-211,text,true,,235,491,1,1,2,0,0
1537249174991,4,AddComment,200,,CrazyComment 1-211,text,true,,160,569,1,1,4,0,0
1537249174996,7,AddComment,200,,CrazyComment 1-211,text,true,,160,569,1,1,7,0,0
1537249175003,9,AddComment,200,,CrazyComment 1-211,text,true,,160,569,2,2,9,0,0
1537249175007,9,SignIn,200,,CrazyComment 1-212,text,true,,235,491,1,1,9,0,2
1537249175017,11,AddComment,200,,CrazyComment 1-212,text,true,,160,569,2,2,11,0,0
1537249175024,9,SignIn,200,,CrazyComment 1-213,text,true,,235,491,2,2,9,0,2
1537249175040,23,SignIn,200,,CrazyComment 1-214,text,true,,235,491,4,4,23,0,2
1537249175057,10,SignIn,200,,CrazyComment 1-215,text,true,,235,491,4,4,10,0,1
1537249175029,42,AddComment,200,,CrazyComment 1-212,text,true,,160,569,4,4,42,0,0
1537249175034,41,AddComment,200,,CrazyComment 1-213,text,true,,160,569,5,5,41,0,0
1537249175073,11,AddComment,200,,CrazyComment 1-214,text,true,,160,569,5,5,11,0,0
1537249175073,13,SignIn,200,,CrazyComment 1-216,text,true,,235,491,5,5,13,0,1
1537249175073,16,AddComment,200,,CrazyComment 1-212,text,true,,160,569,6,6,16,0,0
1537249175073,18,AddComment,200,,CrazyComment 1-215,text,true,,160,569,5,5,18,0,0
1537249175089,3,SignIn,200,,CrazyComment 1-217,text,true,,235,491,5,5,3,0,1
1537249175075,19,AddComment,200,,CrazyComment 1-213,text,true,,160,569,5,5,19,0,0
1537249175086,11,AddComment,200,,CrazyComment 1-216,text,true,,160,569,5,5,11,0,0
1537249175084,15,AddComment,200,,CrazyComment 1-214,text,true,,160,569,5,5,15,0,0
1537249175091,12,AddComment,200,,CrazyComment 1-215,text,true,,160,569,5,5,12,0,0
1537249175094,12,AddComment,200,,CrazyComment 1-213,text,true,,160,569,5,5,12,0,0
1537249175107,3,SignIn,200,,CrazyComment 1-218,text,true,,235,491,5,5,3,0,0
1537249175092,21,AddComment,200,,CrazyComment 1-217,text,true,,160,569,5,5,21,0,0
1537249175097,18,AddComment,200,,CrazyComment 1-216,text,true,,160,569,5,5,18,0,0
1537249175100,16,AddComment,200,,CrazyComment 1-214,text,true,,160,569,5,5,16,0,0
1537249175110,8,AddComment,200,,CrazyComment 1-218,text,true,,160,569,4,4,8,0,0
1537249175113,7,AddComment,200,,CrazyComment 1-217,text,true,,160,569,4,4,7,0,0
1537249175115,6,AddComment,200,,CrazyComment 1-216,text,true,,160,569,4,4,6,0,0
1537249175103,20,AddComment,200,,CrazyComment 1-215,text,true,,160,569,3,3,20,0,0
1537249175120,5,AddComment,200,,CrazyComment 1-217,text,true,,160,569,3,3,5,0,0
1537249175118,8,AddComment,200,,CrazyComment 1-218,text,true,,160,569,2,2,8,0,0
1537249175124,2,SignIn,200,,CrazyComment 1-219,text,true,,235,491,2,2,2,0,0
1537249175126,2,AddComment,200,,CrazyComment 1-219,text,true,,160,569,2,2,2,0,0
1537249175126,4,AddComment,200,,CrazyComment 1-218,text,true,,160,569,2,2,4,0,0
1537249175129,4,AddComment,200,,CrazyComment 1-219,text,true,,160,569,1,1,4,0,0
1537249175134,2,AddComment,200,,CrazyComment 1-219,text,true,,160,569,1,1,2,0,0
1537249175141,2,SignIn,200,,CrazyComment 1-220,text,true,,235,491,1,1,2,0,0
1537249175143,2,AddComment,200,,CrazyComment 1-220,text,true,,160,569,1,1,2,0,0
1537249175145,3,AddComment,200,,CrazyComment 1-220,text,true,,160,569,1,1,3,0,0
1537249175148,2,AddComment,200,,CrazyComment 1-220,text,true,,160,569,1,1,2,0,0
1537249175157,2,SignIn,200,,CrazyComment 1-221,text,true,,235,491,1,1,2,0,1
1537249175159,4,AddComment,200,,CrazyComment 1-221,text,true,,160,569,1,1,4,0,0
1537249175164,1,AddComment,200,,CrazyComment 1-221,text,true,,160,569,1,1,1,0,0
1537249175166,1,AddComment,200,,CrazyComment 1-221,text,true,,160,569,1,1,1,0,0
1537249175175,2,SignIn,200,,CrazyComment 1-222,text,true,,235,491,1,1,2,0,1
1537249175177,4,AddComment,200,,CrazyComment 1-222,text,true,,160,569,1,1,4,0,0
1537249175182,1,AddComment,200,,CrazyComment 1-222,text,true,,160,569,1,1,1,0,0
1537249175183,3,AddComment,200,,CrazyComment 1-222,text,true,,160,569,1,1,3,0,0
1537249175191,3,SignIn,200,,CrazyComment 1-223,text,true,,235,491,1,1,3,0,1
1537249175194,4,AddComment,200,,CrazyComment 1-223,text,true,,160,569,1,1,4,0,0
1537249175198,2,AddComment,200,,CrazyComment 1-223,text,true,,160,569,1,1,2,0,0
1537249175200,2,AddComment,200,,CrazyComment 1-223,text,true,,160,569,1,1,2,0,0
1537249175208,4,SignIn,200,,CrazyComment 1-224,text,true,,235,491,1,1,4,0,1
1537249175212,6,AddComment,200,,CrazyComment 1-224,text,true,,160,569,1,1,6,0,0
1537249175218,4,AddComment,200,,CrazyComment 1-224,text,true,,160,569,1,1,4,0,0
1537249175222,6,AddComment,200,,CrazyComment 1-224,text,true,,160,569,2,2,6,0,0
1537249175227,4,SignIn,200,,CrazyComment 1-225,text,true,,235,491,1,1,4,0,1
1537249175231,2,AddComment,200,,CrazyComment 1-225,text,true,,160,569,1,1,2,0,0
1537249175233,2,AddComment,200,,CrazyComment 1-225,text,true,,160,569,1,1,2,0,0
1537249175235,3,AddComment,200,,CrazyComment 1-225,text,true,,160,569,1,1,3,0,0
1537249175241,2,SignIn,200,,CrazyComment 1-226,text,true,,235,491,1,1,2,0,1
1537249175243,2,AddComment,200,,CrazyComment 1-226,text,true,,160,569,1,1,2,0,0
1537249175246,2,AddComment,200,,CrazyComment 1-226,text,true,,160,569,1,1,2,0,0
1537249175248,1,AddComment,200,,CrazyComment 1-226,text,true,,160,569,1,1,1,0,0
1537249175262,6,SignIn,200,,CrazyComment 1-227,text,true,,235,491,1,1,6,0,2
1537249175269,16,AddComment,200,,CrazyComment 1-227,text,true,,160,569,2,2,16,0,0
1537249175279,14,SignIn,200,,CrazyComment 1-228,text,true,,235,491,2,2,14,0,2
1537249175285,12,AddComment,200,,CrazyComment 1-227,text,true,,160,569,3,3,12,0,0
1537249175294,6,SignIn,200,,CrazyComment 1-229,text,true,,235,491,3,3,6,0,1
1537249175293,12,AddComment,200,,CrazyComment 1-228,text,true,,160,569,3,3,12,0,0
1537249175297,10,AddComment,200,,CrazyComment 1-227,text,true,,160,569,3,3,10,0,0
1537249175300,11,AddComment,200,,CrazyComment 1-229,text,true,,160,569,3,3,11,0,0
1537249175312,4,SignIn,200,,CrazyComment 1-230,text,true,,235,491,3,3,4,0,0
1537249175305,11,AddComment,200,,CrazyComment 1-228,text,true,,160,569,3,3,11,0,0
1537249175312,7,AddComment,200,,CrazyComment 1-229,text,true,,160,569,3,3,7,0,0
1537249175316,9,AddComment,200,,CrazyComment 1-230,text,true,,160,569,3,3,9,0,0
1537249175317,10,AddComment,200,,CrazyComment 1-228,text,true,,160,569,3,3,10,0,0
1537249175320,8,AddComment,200,,CrazyComment 1-229,text,true,,160,569,2,2,8,0,0
1537249175325,5,AddComment,200,,CrazyComment 1-230,text,true,,160,569,2,2,5,0,0
1537249175329,2,SignIn,200,,CrazyComment 1-231,text,true,,235,491,2,2,2,0,1
1537249175330,2,AddComment,200,,CrazyComment 1-230,text,true,,160,569,2,2,2,0,0
1537249175331,3,AddComment,200,,CrazyComment 1-231,text,true,,160,569,1,1,3,0,0
1537249175334,5,AddComment,200,,CrazyComment 1-231,text,true,,160,569,1,1,5,0,0
1537249175339,4,AddComment,200,,CrazyComment 1-231,text,true,,160,569,1,1,4,0,0
1537249175346,3,SignIn,200,,CrazyComment 1-232,text,true,,235,491,1,1,3,0,1
1537249175349,3,AddComment,200,,CrazyComment 1-232,text,true,,160,569,1,1,3,0,0
1537249175353,4,AddComment,200,,CrazyComment 1-232,text,true,,160,569,1,1,4,0,0
1537249175357,3,AddComment,200,,CrazyComment 1-232,text,true,,160,569,1,1,3,0,0
1537249175362,2,SignIn,200,,CrazyComment 1-233,text,true,,235,491,1,1,2,0,0
1537249175364,3,AddComment,200,,CrazyComment 1-233,text,true,,160,569,1,1,3,0,0
1537249175367,3,AddComment,200,,CrazyComment 1-233,text,true,,160,569,1,1,3,0,0
1537249175370,3,AddComment,200,,CrazyComment 1-233,text,true,,160,569,1,1,3,0,0
1537249175379,2,SignIn,200,,CrazyComment 1-234,text,true,,235,491,1,1,2,0,1
1537249175381,4,AddComment,200,,CrazyComment 1-234,text,true,,160,569,1,1,4,0,0
1537249175385,4,AddComment,200,,CrazyComment 1-234,text,true,,160,569,1,1,4,0,0
1537249175389,4,AddComment,200,,CrazyComment 1-234,text,true,,160,569,1,1,4,0,0
1537249175395,2,SignIn,200,,CrazyComment 1-235,text,true,,235,491,1,1,2,0,0
1537249175397,2,AddComment,200,,CrazyComment 1-235,text,true,,160,569,1,1,2,0,0
1537249175399,2,AddComment,200,,CrazyComment 1-235,text,true,,160,569,1,1,2,0,0
1537249175401,3,AddComment,200,,CrazyComment 1-235,text,true,,160,569,1,1,3,0,0
1537249175412,1,SignIn,200,,CrazyComment 1-236,text,true,,235,491,1,1,1,0,0
1537249175414,4,AddComment,200,,CrazyComment 1-236,text,true,,160,569,1,1,4,0,0
1537249175418,3,AddComment,200,,CrazyComment 1-236,text,true,,160,569,1,1,3,0,0
1537249175421,4,AddComment,200,,CrazyComment 1-236,text,true,,160,569,1,1,4,0,0
1537249175429,2,SignIn,200,,CrazyComment 1-237,text,true,,235,491,1,1,2,0,0
1537249175431,2,AddComment,200,,CrazyComment 1-237,text,true,,160,569,1,1,2,0,0
1537249175433,2,AddComment,200,,CrazyComment 1-237,text,true,,160,569,1,1,2,0,0
1537249175436,3,AddComment,200,,CrazyComment 1-237,text,true,,160,569,1,1,3,0,0
1537249175444,1,SignIn,200,,CrazyComment 1-238,text,true,,235,491,1,1,1,0,0
1537249175446,4,AddComment,200,,CrazyComment 1-238,text,true,,160,569,1,1,4,0,0
1537249175450,2,AddComment,200,,CrazyComment 1-238,text,true,,160,569,1,1,2,0,0
1537249175452,4,AddComment,200,,CrazyComment 1-238,text,true,,160,569,1,1,4,0,0
1537249175462,2,SignIn,200,,CrazyComment 1-239,text,true,,235,491,1,1,2,0,0
1537249175464,8,AddComment,200,,CrazyComment 1-239,text,true,,160,569,1,1,8,0,0
1537249175473,3,AddComment,200,,CrazyComment 1-239,text,true,,160,569,1,1,3,0,0
1537249175476,3,AddComment,200,,CrazyComment 1-239,text,true,,160,569,2,2,3,0,0
1537249175479,2,SignIn,200,,CrazyComment 1-240,text,true,,235,491,1,1,2,0,0
1537249175481,3,AddComment,200,,CrazyComment 1-240,text,true,,160,569,1,1,3,0,0
1537249175484,4,AddComment,200,,CrazyComment 1-240,text,true,,160,569,1,1,4,0,0
1537249175488,3,AddComment,200,,CrazyComment 1-240,text,true,,160,569,1,1,3,0,0
1537249175495,2,SignIn,200,,CrazyComment 1-241,text,true,,235,491,1,1,2,0,1
1537249175497,2,AddComment,200,,CrazyComment 1-241,text,true,,160,569,1,1,2,0,0
1537249175500,1,AddComment,200,,CrazyComment 1-241,text,true,,160,569,1,1,1,0,0
1537249175501,3,AddComment,200,,CrazyComment 1-241,text,true,,160,569,1,1,3,0,0
1537249175513,8,SignIn,200,,CrazyComment 1-242,text,true,,235,491,1,1,8,0,2
1537249175521,9,AddComment,200,,CrazyComment 1-242,text,true,,160,569,1,1,9,0,0
1537249175531,5,SignIn,200,,CrazyComment 1-243,text,true,,235,491,2,2,5,0,1
1537249175531,12,AddComment,200,,CrazyComment 1-242,text,true,,160,569,2,2,12,0,0
1537249175537,10,AddComment,200,,CrazyComment 1-243,text,true,,160,569,3,3,10,0,0
1537249175544,5,AddComment,200,,CrazyComment 1-242,text,true,,160,569,3,3,5,0,0
1537249175547,3,SignIn,200,,CrazyComment 1-244,text,true,,235,491,3,3,3,0,0
1537249175548,3,AddComment,200,,CrazyComment 1-243,text,true,,160,569,3,3,3,0,0
1537249175560,5,AddComment,200,,CrazyComment 1-244,text,true,,160,569,3,3,5,0,0
1537249175560,6,AddComment,200,,CrazyComment 1-243,text,true,,160,569,3,3,6,0,0
1537249175563,3,SignIn,200,,CrazyComment 1-245,text,true,,235,491,3,3,3,0,1
1537249175565,3,AddComment,200,,CrazyComment 1-244,text,true,,160,569,2,2,3,0,0
1537249175566,3,AddComment,200,,CrazyComment 1-245,text,true,,160,569,2,2,3,0,0
1537249175568,4,AddComment,200,,CrazyComment 1-244,text,true,,160,569,2,2,4,0,0
1537249175569,4,AddComment,200,,CrazyComment 1-245,text,true,,160,569,1,1,4,0,0
1537249175573,3,AddComment,200,,CrazyComment 1-245,text,true,,160,569,1,1,3,0,0
1537249175581,2,SignIn,200,,CrazyComment 1-246,text,true,,235,491,1,1,2,0,1
1537249175584,5,AddComment,200,,CrazyComment 1-246,text,true,,160,569,1,1,5,0,0
1537249175589,3,AddComment,200,,CrazyComment 1-246,text,true,,160,569,1,1,3,0,0
1537249175592,3,AddComment,200,,CrazyComment 1-246,text,true,,160,569,1,1,3,0,0
1537249175598,9,SignIn,200,,CrazyComment 1-247,text,true,,235,491,1,1,9,0,2
1537249175607,9,AddComment,200,,CrazyComment 1-247,text,true,,160,569,2,2,9,0,0
1537249175614,4,SignIn,200,,CrazyComment 1-248,text,true,,235,491,2,2,4,0,1
1537249175616,8,AddComment,200,,CrazyComment 1-247,text,true,,160,569,2,2,8,0,0
1537249175618,8,AddComment,200,,CrazyComment 1-248,text,true,,160,569,2,2,8,0,0
1537249175624,6,AddComment,200,,CrazyComment 1-247,text,true,,160,569,3,3,6,0,0
1537249175629,3,SignIn,200,,CrazyComment 1-249,text,true,,235,491,2,2,3,0,1
1537249175627,6,AddComment,200,,CrazyComment 1-248,text,true,,160,569,2,2,6,0,0
1537249175633,2,AddComment,200,,CrazyComment 1-248,text,true,,160,569,2,2,2,0,0
1537249175633,5,AddComment,200,,CrazyComment 1-249,text,true,,160,569,1,1,5,0,0
1537249175639,4,AddComment,200,,CrazyComment 1-249,text,true,,160,569,1,1,4,0,0
1537249175643,3,AddComment,200,,CrazyComment 1-249,text,true,,160,569,1,1,3,0,0
1537249175648,2,SignIn,200,,CrazyComment 1-250,text,true,,235,491,1,1,2,0,1
1537249175650,3,AddComment,200,,CrazyComment 1-250,text,true,,160,569,1,1,3,0,0
1537249175653,3,AddComment,200,,CrazyComment 1-250,text,true,,160,569,1,1,3,0,0
1537249175657,3,AddComment,200,,CrazyComment 1-250,text,true,,160,569,1,1,3,0,0
1537249175663,2,SignIn,200,,CrazyComment 1-251,text,true,,235,491,1,1,2,0,1
1537249175665,5,AddComment,200,,CrazyComment 1-251,text,true,,160,569,1,1,5,0,0
1537249175671,3,AddComment,200,,CrazyComment 1-251,text,true,,160,569,1,1,3,0,0
1537249175675,3,AddComment,200,,CrazyComment 1-251,text,true,,160,569,1,1,3,0,0
1537249175681,3,SignIn,200,,CrazyComment 1-252,text,true,,235,491,1,1,3,0,1
1537249175684,3,AddComment,200,,CrazyComment 1-252,text,true,,160,569,1,1,3,0,0
1537249175687,3,AddComment,200,,CrazyComment 1-252,text,true,,160,569,1,1,3,0,0
1537249175690,2,AddComment,200,,CrazyComment 1-252,text,true,,160,569,1,1,2,0,0
1537249175698,2,SignIn,200,,CrazyComment 1-253,text,true,,235,491,1,1,2,0,1
1537249175700,2,AddComment,200,,CrazyComment 1-253,text,true,,160,569,1,1,2,0,0
1537249175702,3,AddComment,200,,CrazyComment 1-253,text,true,,160,569,1,1,2,0,0
1537249175705,3,AddComment,200,,CrazyComment 1-253,text,true,,160,569,1,1,3,0,0
1537249175714,2,SignIn,200,,CrazyComment 1-254,text,true,,235,491,1,1,2,0,1
1537249175716,3,AddComment,200,,CrazyComment 1-254,text,true,,160,569,1,1,3,0,0
1537249175719,4,AddComment,200,,CrazyComment 1-254,text,true,,160,569,1,1,4,0,0
1537249175723,3,AddComment,200,,CrazyComment 1-254,text,true,,160,569,1,1,3,0,0
1537249175731,1,SignIn,200,,CrazyComment 1-255,text,true,,235,491,1,1,1,0,0
1537249175733,4,AddComment,200,,CrazyComment 1-255,text,true,,160,569,1,1,4,0,0
1537249175738,3,AddComment,200,,CrazyComment 1-255,text,true,,160,569,1,1,3,0,0
1537249175741,3,AddComment,200,,CrazyComment 1-255,text,true,,160,569,1,1,3,0,0
1537249175748,2,SignIn,200,,CrazyComment 1-256,text,true,,235,491,1,1,2,0,1
1537249175750,4,AddComment,200,,CrazyComment 1-256,text,true,,160,569,1,1,4,0,0
1537249175755,3,AddComment,200,,CrazyComment 1-256,text,true,,160,569,1,1,3,0,0
1537249175758,2,AddComment,200,,CrazyComment 1-256,text,true,,160,569,1,1,2,0,0
1537249175763,2,SignIn,200,,CrazyComment 1-257,text,true,,235,491,1,1,2,0,1
1537249175765,4,AddComment,200,,CrazyComment 1-257,text,true,,160,569,1,1,4,0,0
1537249175769,5,AddComment,200,,CrazyComment 1-257,text,true,,160,569,1,1,5,0,0
1537249175774,3,AddComment,200,,CrazyComment 1-257,text,true,,160,569,1,1,3,0,0
1537249175780,1,SignIn,200,,CrazyComment 1-258,text,true,,235,491,1,1,1,0,0
1537249175782,2,AddComment,200,,CrazyComment 1-258,text,true,,160,569,1,1,2,0,0
1537249175784,4,AddComment,200,,CrazyComment 1-258,text,true,,160,569,1,1,4,0,0
1537249175789,3,AddComment,200,,CrazyComment 1-258,text,true,,160,569,1,1,3,0,0
1537249175798,8,SignIn,200,,CrazyComment 1-259,text,true,,235,491,1,1,8,0,2
1537249175806,13,AddComment,200,,CrazyComment 1-259,text,true,,160,569,2,2,13,0,0
1537249175814,9,SignIn,200,,CrazyComment 1-260,text,true,,235,491,2,2,9,0,2
1537249175819,14,AddComment,200,,CrazyComment 1-259,text,true,,160,569,3,3,14,0,0
1537249175824,16,AddComment,200,,CrazyComment 1-260,text,true,,160,569,3,3,16,0,0
1537249175833,9,SignIn,200,,CrazyComment 1-261,text,true,,235,491,3,3,9,0,2
1537249175833,10,AddComment,200,,CrazyComment 1-259,text,true,,160,569,3,3,10,0,0
1537249175850,10,SignIn,200,,CrazyComment 1-262,text,true,,235,491,3,3,10,0,2
1537249175842,22,AddComment,200,,CrazyComment 1-261,text,true,,160,569,3,3,22,0,0
1537249175866,11,SignIn,200,,CrazyComment 1-263,text,true,,235,491,4,4,11,0,2
1537249175841,38,AddComment,200,,CrazyComment 1-260,text,true,,160,569,4,4,38,0,0
1537249175864,22,AddComment,200,,CrazyComment 1-261,text,true,,160,569,5,5,22,0,0
1537249175883,6,SignIn,200,,CrazyComment 1-264,text,true,,235,491,5,5,6,0,1
1537249175860,34,AddComment,200,,CrazyComment 1-262,text,true,,160,569,5,5,34,0,0
1537249175879,18,AddComment,200,,CrazyComment 1-260,text,true,,160,569,5,5,18,0,0
1537249175900,2,SignIn,200,,CrazyComment 1-265,text,true,,235,491,5,5,2,0,0
1537249175877,33,AddComment,200,,CrazyComment 1-263,text,true,,160,569,5,5,33,0,0
1537249175886,26,AddComment,200,,CrazyComment 1-261,text,true,,160,569,5,5,25,0,0
1537249175889,26,AddComment,200,,CrazyComment 1-264,text,true,,160,569,4,4,26,0,0
1537249175902,15,AddComment,200,,CrazyComment 1-265,text,true,,160,569,5,5,15,0,0
1537249175916,5,SignIn,200,,CrazyComment 1-266,text,true,,235,491,5,5,5,0,0
1537249175894,39,AddComment,200,,CrazyComment 1-262,text,true,,160,569,5,5,39,0,0
1537249175910,31,AddComment,200,,CrazyComment 1-263,text,true,,160,569,6,6,31,0,0
1537249175933,10,SignIn,200,,CrazyComment 1-267,text,true,,235,491,6,6,10,0,1
1537249175915,30,AddComment,200,,CrazyComment 1-264,text,true,,160,569,6,6,30,0,0
1537249175922,25,AddComment,200,,CrazyComment 1-266,text,true,,160,569,6,6,25,0,0
1537249175933,15,AddComment,200,,CrazyComment 1-262,text,true,,160,569,6,6,15,0,0
1537249175943,7,AddComment,200,,CrazyComment 1-267,text,true,,160,569,6,6,7,0,0
1537249175950,4,SignIn,200,,CrazyComment 1-268,text,true,,235,491,6,6,4,0,1
1537249175918,39,AddComment,200,,CrazyComment 1-265,text,true,,160,569,6,6,39,0,0
1537249175946,13,AddComment,200,,CrazyComment 1-264,text,true,,160,569,6,6,13,0,0
1537249175942,19,AddComment,200,,CrazyComment 1-263,text,true,,160,569,5,5,19,0,0
1537249175947,17,AddComment,200,,CrazyComment 1-266,text,true,,160,569,4,4,17,0,0
1537249175955,10,AddComment,200,,CrazyComment 1-268,text,true,,160,569,4,4,10,0,0
1537249175957,10,AddComment,200,,CrazyComment 1-265,text,true,,160,569,5,5,10,0,0
1537249175950,18,AddComment,200,,CrazyComment 1-267,text,true,,160,569,4,4,18,0,0
1537249175967,2,SignIn,200,,CrazyComment 1-269,text,true,,235,491,4,4,2,0,0
1537249175965,5,AddComment,200,,CrazyComment 1-268,text,true,,160,569,4,4,5,0,0
1537249175964,9,AddComment,200,,CrazyComment 1-266,text,true,,160,569,4,4,9,0,0
1537249175969,5,AddComment,200,,CrazyComment 1-267,text,true,,160,569,3,3,5,0,0
1537249175969,7,AddComment,200,,CrazyComment 1-269,text,true,,160,569,2,2,7,0,0
1537249175970,7,AddComment,200,,CrazyComment 1-268,text,true,,160,569,2,2,7,0,0
1537249175976,5,AddComment,200,,CrazyComment 1-269,text,true,,160,569,1,1,5,0,0
1537249175981,3,AddComment,200,,CrazyComment 1-269,text,true,,160,569,2,2,3,0,0
1537249175983,2,SignIn,200,,CrazyComment 1-270,text,true,,235,491,1,1,2,0,1
1537249175986,3,AddComment,200,,CrazyComment 1-270,text,true,,160,569,1,1,3,0,0
1537249175989,4,AddComment,200,,CrazyComment 1-270,text,true,,160,569,1,1,4,0,0
1537249175993,4,AddComment,200,,CrazyComment 1-270,text,true,,160,569,1,1,4,0,0
1537249176001,3,SignIn,200,,CrazyComment 1-271,text,true,,235,491,1,1,3,0,1
1537249176004,5,AddComment,200,,CrazyComment 1-271,text,true,,160,569,1,1,5,0,0
1537249176010,2,AddComment,200,,CrazyComment 1-271,text,true,,160,569,1,1,2,0,0
1537249176012,3,AddComment,200,,CrazyComment 1-271,text,true,,160,569,1,1,3,0,0
1537249176017,3,SignIn,200,,CrazyComment 1-272,text,true,,235,491,1,1,3,0,1
1537249176020,6,AddComment,200,,CrazyComment 1-272,text,true,,160,569,1,1,6,0,0
1537249176026,2,AddComment,200,,CrazyComment 1-272,text,true,,160,569,1,1,2,0,0
1537249176028,2,AddComment,200,,CrazyComment 1-272,text,true,,160,569,1,1,2,0,0
1537249176035,4,SignIn,200,,CrazyComment 1-273,text,true,,235,491,1,1,4,0,1
1537249176039,6,AddComment,200,,CrazyComment 1-273,text,true,,160,569,1,1,6,0,0
1537249176052,4,SignIn,200,,CrazyComment 1-274,text,true,,235,491,2,2,4,0,1
1537249176051,13,AddComment,200,,CrazyComment 1-273,text,true,,160,569,2,2,13,0,0
1537249176056,9,AddComment,200,,CrazyComment 1-274,text,true,,160,569,2,2,9,0,0
1537249176065,2,AddComment,200,,CrazyComment 1-273,text,true,,160,569,2,2,2,0,0
1537249176066,2,AddComment,200,,CrazyComment 1-274,text,true,,160,569,2,2,2,0,0
1537249176068,5,SignIn,200,,CrazyComment 1-275,text,true,,235,491,2,2,5,0,1
1537249176068,6,AddComment,200,,CrazyComment 1-274,text,true,,160,569,2,2,6,0,0
1537249176073,3,AddComment,200,,CrazyComment 1-275,text,true,,160,569,1,1,3,0,0
1537249176076,2,AddComment,200,,CrazyComment 1-275,text,true,,160,569,1,1,2,0,0
1537249176078,2,AddComment,200,,CrazyComment 1-275,text,true,,160,569,1,1,2,0,0
1537249176085,4,SignIn,200,,CrazyComment 1-276,text,true,,235,491,1,1,4,0,1
1537249176089,6,AddComment,200,,CrazyComment 1-276,text,true,,160,569,1,1,6,0,0
1537249176095,2,AddComment,200,,CrazyComment 1-276,text,true,,160,569,1,1,2,0,0
1537249176097,1,AddComment,200,,CrazyComment 1-276,text,true,,160,569,1,1,1,0,0
1537249176103,3,SignIn,200,,CrazyComment 1-277,text,true,,235,491,1,1,3,0,1
1537249176106,6,AddComment,200,,CrazyComment 1-277,text,true,,160,569,1,1,6,0,0
1537249176112,2,AddComment,200,,CrazyComment 1-277,text,true,,160,569,1,1,2,0,0
1537249176114,3,AddComment,200,,CrazyComment 1-277,text,true,,160,569,1,1,3,0,0
1537249176119,2,SignIn,200,,CrazyComment 1-278,text,true,,235,491,1,1,2,0,0
1537249176122,6,AddComment,200,,CrazyComment 1-278,text,true,,160,569,1,1,6,0,0
1537249176128,3,AddComment,200,,CrazyComment 1-278,text,true,,160,569,1,1,3,0,0
1537249176131,3,AddComment,200,,CrazyComment 1-278,text,true,,160,569,1,1,3,0,0
1537249176136,4,SignIn,200,,CrazyComment 1-279,text,true,,235,491,1,1,4,0,2
1537249176140,7,AddComment,200,,CrazyComment 1-279,text,true,,160,569,1,1,7,0,0
1537249176147,3,AddComment,200,,CrazyComment 1-279,text,true,,160,569,1,1,3,0,0
1537249176150,4,AddComment,200,,CrazyComment 1-279,text,true,,160,569,2,2,4,0,0
1537249176153,5,SignIn,200,,CrazyComment 1-280,text,true,,235,491,1,1,5,0,2
1537249176158,2,AddComment,200,,CrazyComment 1-280,text,true,,160,569,1,1,2,0,0
1537249176161,2,AddComment,200,,CrazyComment 1-280,text,true,,160,569,1,1,2,0,0
1537249176163,2,AddComment,200,,CrazyComment 1-280,text,true,,160,569,1,1,2,0,0
1537249176170,4,SignIn,200,,CrazyComment 1-281,text,true,,235,491,1,1,4,0,1
1537249176174,8,AddComment,200,,CrazyComment 1-281,text,true,,160,569,1,1,8,0,0
1537249176183,4,AddComment,200,,CrazyComment 1-281,text,true,,160,569,2,2,4,0,0
1537249176187,6,SignIn,200,,CrazyComment 1-282,text,true,,235,491,2,2,6,0,2
1537249176187,6,AddComment,200,,CrazyComment 1-281,text,true,,160,569,2,2,6,0,0
1537249176205,62,SignIn,200,,CrazyComment 1-283,text,true,,235,491,5,5,62,0,2
1537249176228,41,SignIn,200,,CrazyComment 1-284,text,true,,235,491,5,5,41,0,0
1537249176240,35,SignIn,200,,CrazyComment 1-285,text,true,,235,491,6,6,35,0,1
1537249176257,28,SignIn,200,,CrazyComment 1-286,text,true,,235,491,6,6,28,0,2
1537249176289,5,SignIn,200,,CrazyComment 1-288,text,true,,235,491,7,7,5,0,2
1537249176193,103,AddComment,200,,CrazyComment 1-282,text,true,,160,569,7,7,103,0,0
1537249176275,34,AddComment,200,,CrazyComment 1-285,text,true,,160,569,8,8,34,0,0
1537249176272,45,SignIn,200,,CrazyComment 1-287,text,true,,235,491,8,8,45,0,2
1537249176306,11,SignIn,200,,CrazyComment 1-289,text,true,,235,491,8,8,11,0,1
1537249176267,56,AddComment,200,,CrazyComment 1-283,text,true,,160,569,9,9,56,0,0
1537249176317,10,AddComment,200,,CrazyComment 1-287,text,true,,160,569,9,9,10,0,0
1537249176285,44,AddComment,200,,CrazyComment 1-286,text,true,,160,569,9,9,44,0,0
1537249176323,9,SignIn,200,,CrazyComment 1-290,text,true,,235,491,9,9,9,0,1
1537249176294,38,AddComment,200,,CrazyComment 1-288,text,true,,160,569,9,9,38,0,0
1537249176309,27,AddComment,200,,CrazyComment 1-285,text,true,,160,569,9,9,27,0,0
1537249176269,71,AddComment,200,,CrazyComment 1-284,text,true,,160,569,10,10,71,0,0
1537249176327,16,AddComment,200,,CrazyComment 1-287,text,true,,160,569,10,10,16,0,0
1537249176340,5,SignIn,200,,CrazyComment 1-291,text,true,,235,491,10,10,5,0,1
1537249176333,12,AddComment,200,,CrazyComment 1-288,text,true,,160,569,10,10,12,0,0
1537249176296,51,AddComment,200,,CrazyComment 1-282,text,true,,160,569,10,10,51,0,0
1537249176330,19,AddComment,200,,CrazyComment 1-286,text,true,,160,569,10,10,19,0,0
1537249176332,20,AddComment,200,,CrazyComment 1-290,text,true,,160,569,10,10,20,0,0
1537249176336,20,AddComment,200,,CrazyComment 1-285,text,true,,160,569,10,10,20,0,0
1537249176324,36,AddComment,200,,CrazyComment 1-283,text,true,,160,569,10,10,36,0,0
1537249176357,4,SignIn,200,,CrazyComment 1-292,text,true,,235,491,10,10,4,0,2
1537249176345,19,AddComment,200,,CrazyComment 1-291,text,true,,160,569,10,10,19,0,0
1537249176345,20,AddComment,200,,CrazyComment 1-288,text,true,,160,569,10,10,20,0,0
1537249176353,14,AddComment,200,,CrazyComment 1-290,text,true,,160,569,9,9,14,0,0
1537249176344,24,AddComment,200,,CrazyComment 1-287,text,true,,160,569,9,9,24,0,0
1537249176350,20,AddComment,200,,CrazyComment 1-286,text,true,,160,569,8,8,20,0,0
1537249176317,57,AddComment,200,,CrazyComment 1-289,text,true,,160,569,8,8,57,0,0
1537249176360,17,AddComment,200,,CrazyComment 1-283,text,true,,160,569,8,8,17,0,0
1537249176374,5,SignIn,200,,CrazyComment 1-293,text,true,,235,491,7,7,5,0,1
1537249176361,19,AddComment,200,,CrazyComment 1-292,text,true,,160,569,7,7,19,0,0
1537249176340,43,AddComment,200,,CrazyComment 1-284,text,true,,160,569,7,7,43,0,0
1537249176347,38,AddComment,200,,CrazyComment 1-282,text,true,,160,569,7,7,38,0,0
1537249176367,20,AddComment,200,,CrazyComment 1-290,text,true,,160,569,6,6,20,0,0
1537249176375,15,AddComment,200,,CrazyComment 1-289,text,true,,160,569,5,5,15,0,0
1537249176380,12,AddComment,200,,CrazyComment 1-292,text,true,,160,569,6,6,12,0,0
1537249176391,4,SignIn,200,,CrazyComment 1-294,text,true,,235,491,6,6,4,0,1
1537249176383,12,AddComment,200,,CrazyComment 1-284,text,true,,160,569,6,6,12,0,0
1537249176364,33,AddComment,200,,CrazyComment 1-291,text,true,,160,569,5,5,33,0,0
1537249176390,8,AddComment,200,,CrazyComment 1-289,text,true,,160,569,5,5,8,0,0
1537249176395,4,AddComment,200,,CrazyComment 1-294,text,true,,160,569,4,4,4,0,0
1537249176379,21,AddComment,200,,CrazyComment 1-293,text,true,,160,569,4,4,21,0,0
1537249176393,10,AddComment,200,,CrazyComment 1-292,text,true,,160,569,4,4,10,0,0
1537249176397,11,AddComment,200,,CrazyComment 1-291,text,true,,160,569,4,4,11,0,0
1537249176400,12,AddComment,200,,CrazyComment 1-293,text,true,,160,569,3,3,12,0,0
1537249176408,6,SignIn,200,,CrazyComment 1-295,text,true,,235,491,3,3,6,0,1
1537249176399,18,AddComment,200,,CrazyComment 1-294,text,true,,160,569,3,3,18,0,0
1537249176412,7,AddComment,200,,CrazyComment 1-293,text,true,,160,569,3,3,7,0,0
1537249176417,5,AddComment,200,,CrazyComment 1-294,text,true,,160,569,2,2,5,0,0
1537249176414,11,AddComment,200,,CrazyComment 1-295,text,true,,160,569,2,2,11,0,0
1537249176425,6,AddComment,200,,CrazyComment 1-295,text,true,,160,569,2,2,6,0,0
1537249176425,5,SignIn,200,,CrazyComment 1-296,text,true,,235,491,2,2,5,0,1
1537249176431,2,AddComment,200,,CrazyComment 1-296,text,true,,160,569,2,2,2,0,0
1537249176431,4,AddComment,200,,CrazyComment 1-295,text,true,,160,569,2,2,4,0,0
1537249176434,3,AddComment,200,,CrazyComment 1-296,text,true,,160,569,1,1,3,0,0
1537249176437,5,AddComment,200,,CrazyComment 1-296,text,true,,160,569,2,2,5,0,0
1537249176441,6,SignIn,200,,CrazyComment 1-297,text,true,,235,491,1,1,6,0,2
1537249176448,4,AddComment,200,,CrazyComment 1-297,text,true,,160,569,1,1,4,0,0
1537249176452,6,AddComment,200,,CrazyComment 1-297,text,true,,160,569,2,2,6,0,0
1537249176457,6,SignIn,200,,CrazyComment 1-298,text,true,,235,491,2,2,6,0,2
1537249176458,6,AddComment,200,,CrazyComment 1-297,text,true,,160,569,2,2,6,0,0
1537249176463,4,AddComment,200,,CrazyComment 1-298,text,true,,160,569,1,1,4,0,0
1537249176467,3,AddComment,200,,CrazyComment 1-298,text,true,,160,569,1,1,3,0,0
1537249176470,5,AddComment,200,,CrazyComment 1-298,text,true,,160,569,2,2,5,0,0
1537249176474,6,SignIn,200,,CrazyComment 1-299,text,true,,235,491,1,1,5,0,2
1537249176480,2,AddComment,200,,CrazyComment 1-299,text,true,,160,569,1,1,2,0,0
1537249176482,2,AddComment,200,,CrazyComment 1-299,text,true,,160,569,1,1,2,0,0
1537249176485,4,AddComment,200,,CrazyComment 1-299,text,true,,160,569,1,1,4,0,0
1537249176492,4,SignIn,200,,CrazyComment 1-300,text,true,,235,491,1,1,4,0,1
1537249176497,4,AddComment,200,,CrazyComment 1-300,text,true,,160,569,1,1,4,0,0
1537249176501,4,AddComment,200,,CrazyComment 1-300,text,true,,160,569,1,1,4,0,0
1537249176505,5,AddComment,200,,CrazyComment 1-300,text,true,,160,569,1,1,5,0,0
